value,tag
What,WP
depression,NN
Depression,NNP
disorder,NN
makes,VBZ
sad,JJ
different,JJ
normal,JJ
sadness,NN
figure,JJ
Depression,NN
make,VB
hard,JJ
work,VB
study,VB
everyday,JJ
I,PRP
know,VBP
I,PRP
depressed,VBN
Depressed,VBD
people,NNS
feel,VBP
time,NN
least,JJS
weeks,NNS
They,PRP
also,RB
least,JJS
symptoms,NNS
longer,RBR
enjoy,VB
care,VB
things,NNS
used,VBD
like,VB
feel,VB
sad,JJ
hopeless,JJ
cranky,VBZ
day,NN
almost,RB
every,DT
also,RB
make,VB
gain,VB
much,JJ
tired,VBD
like,IN
guilty,JJ
like,IN
worth,JJ
things,NNS
feel,VB
speak,VB
slowly,RB
restless,NN
trouble,NN
staying,VBG
death,NN
suicideIf,NN
think,VBP
might,MD
depressed,VBN
see,VB
doctor,NN
nurse,NN
Only,RB
someone,NN
trained,VBD
mental,JJ
health,NN
tell,VB
sure,JJ
someone,NN
right,RB
away,RB
want,VBP
hurt,VB
kill,VB
If,IN
ever,RB
feel,VBP
like,IN
might,MD
hurt,VB
someone,NN
else,RB
one,CD
things,NNS
doctor,NN
nurse,NN
tell,VB
ambulance,NN
US,NNP
Canada,NNP
dial,JJ
emergency,NN
room,NN
local,JJ
National,NNP
Suicide,NNP
Prevention,NNP
Lifeline,NNP
treatments,NNS
depression,NN
People,NNPS
depression,NN
get,VB
following,JJ
treatments,NNS
relieve,VBP
psychiatrist,NN
psychologist,NN
nurse,NN
social,JJ
worker,NN
device,NN
passes,VBZ
magnetic,JJ
waves,NNS
electricity,NN
brainPeople,NN
depression,NN
severe,JJ
get,VB
better,JJR
taking,VBG
medicines,NNS
talking,VBG
counselor,NN
People,NNS
severe,JJ
depression,NN
usually,RB
need,VBP
medicines,NNS
get,VB
better,JJR
might,MD
also,RB
need,VB
see,VB
treatment,NN
involves,VBZ
placing,VBG
device,NN
scalp,NN
pass,VB
magnetic,JJ
waves,NNS
brain,NN
This,DT
called,VBN
transcranial,JJ
magnetic,JJ
stimulation,NN
TMS,NNP
Doctors,NNS
might,MD
suggest,VB
TMS,NNP
medicines,NNS
counseling,VBG
helped,VBN
Some,DT
people,NNS
whose,WP$
depression,NN
severe,JJ
might,MD
need,VB
treatment,NN
called,VBN
electroconvulsive,JJ
therapy,NN
ECT,NNP
During,IN
ECT,NNP
doctors,NNS
pass,VBP
electric,JJ
current,JJ
person,NN
's,POS
brain,NN
safe,JJ
I,PRP
feel,VB
better,RB
Both,DT
treatment,NN
options,NNS
take,VBP
little,RB
start,VB
people,NNS
take,VBP
medicines,NNS
start,VBP
feel,VB
better,RB
within,IN
weeks,NNS
might,MD
weeks,NNS
medicine,NN
full,JJ
people,NNS
see,VBP
counselor,JJ
start,NN
feel,VB
better,RB
within,IN
weeks,NNS
might,MD
take,VB
weeks,NNS
get,VB
greatest,JJS
first,JJ
treatment,NN
try,VBP
help,VB
tell,VB
doctor,NN
nurse,NN
give,VB
Some,DT
people,NNS
need,VBP
try,VB
different,JJ
treatments,NNS
combinations,NNS
treatments,NNS
find,VBP
approach,NN
works,VBZ
Your,PRP$
doctor,NN
nurse,NN
counselor,NN
work,VB
find,VB
treatment,NN
right,JJ
They,PRP
also,RB
help,VB
figure,VB
cope,VB
search,VBP
right,JJ
treatment,NN
waiting,VBG
treatment,NN
start,VB
I,PRP
decide,VB
treatment,NN
You,PRP
doctor,NN
nurse,NN
need,VB
work,VB
together,RB
choose,VB
treatment,NN
Medicines,NNS
might,MD
work,VB
little,JJ
faster,JJR
counseling,VBG
But,CC
medicines,NNS
also,RB
cause,VB
side,NN
effects,NNS
Plus,CC
people,NNS
like,IN
idea,NN
taking,VBG
hand,NN
seeing,VBG
counselor,NN
involves,VBZ
talking,VBG
feelings,NNS
stranger,NN
That,DT
hard,JJ
depression,VBP
teenagers,NNS
No,NNP
The,DT
symptoms,NNS
depression,NN
little,JJ
different,JJ
teenagers,NNS
adults,NNS
Some,DT
teenagers,NNS
moody,NN
sad,VB
lot,NN
time,NN
That,WDT
makes,VBZ
hard,JJ
tell,VB
really,RB
depressed,JJ
Teenagers,NNS
depressed,VBN
often,RB
seem,VBP
cranky,NNS
They,PRP
get,VBP
easily,RB
annoyed,JJ
bothered,VBN
They,PRP
might,MD
even,RB
pick,VB
fights,NNS
people,NNS
Also,RB
treating,VBG
teenager,NN
doctors,NNS
nurses,NNS
usually,RB
suggest,VBP
trying,VBG
counseling,VBG
first,RB
trying,VBG
medicine,NN
That,DT
's,VBZ
small,JJ
chance,NN
depression,NN
medicines,NNS
cause,VB
problems,NNS
teenagers,NNS
Even,RB
depressed,JJ
teenagers,NNS
need,VBP
medicine,NN
And,CC
experts,NNS
agree,VBP
depression,NN
medicine,NN
safe,JJ
appropriate,JJ
use,VB
teenagers,NNS
really,RB
need,VBP
I,PRP
take,VBP
medicine,NN
depression,NN
I,PRP
want,VBP
baby,NN
Some,DT
depression,NN
medicines,NNS
cause,VB
problems,NNS
unborn,JJ
baby,NN
But,CC
untreated,JJ
depression,NN
pregnancy,NN
also,RB
cause,VB
problems,NNS
If,IN
want,VBP
get,VB
pregnant,JJ
tell,VB
doctor,NN
stop,VB
taking,VBG
medicines,NNS
The,DT
two,CD
plan,VB
safest,JJS
way,NN
's,POS
also,RB
important,JJ
talk,VB
doctor,NN
want,VBP
breastfeed,VB
baby,NN
born,VBN
Breastfeeding,NNP
lots,NNS
benefits,NNS
mother,NN
baby,NN
Some,DT
depression,NN
medicines,NNS
safer,JJR
others,NNS
use,VB
breastfeeding,VBG
But,CC
untreated,JJ
depression,NN
giving,VBG
birth,NN
also,RB
cause,VB
problems,NNS
stop,VB
taking,VBG
medicines,NNS
Your,PRP$
doctor,NN
work,VB
plan,VB
safest,JJS
way,NN
feed,VB
topic,NN
Patient,JJ
education,NN
Medicines,NNS
depression,NN
The,DT
Basics,NNPS
Patient,JJ
education,NN
Generalized,VBN
anxiety,NN
disorder,NN
The,DT
Basics,NNPS
Patient,JJ
education,NN
Neuropathic,JJ
pain,NN
The,DT
Basics,NNPS
Patient,JJ
education,NN
Seasonal,JJ
affective,JJ
disorder,NN
The,DT
Basics,NNPS
Patient,JJ
education,NN
When,WRB
depression,VBN
another,DT
health,NN
problem,NN
The,DT
Basics,NNPS
Patient,JJ
education,NN
Serotonin,NNP
syndrome,NN
The,DT
Basics,NNPS
Patient,JJ
education,NN
Depression,NN
children,NNS
adolescents,NNS
Beyond,IN
Basics,NNPS
Patient,JJ
education,NN
Depression,NN
adults,NNS
Beyond,IN
Basics,NNPS
Patient,JJ
education,NN
Depression,NNP
treatment,NN
options,NNS
children,NNS
adolescents,NNS
Beyond,IN
Basics,NNPS
Patient,JJ
education,NN
Depression,NNP
treatment,NN
options,NNS
adults,NNS
Beyond,IN
Basics,NNPS
Patient,JJ
education,NN
Premenstrual,JJ
syndrome,NN
PMS,NNP
premenstrual,JJ
dysphoric,NN
disorder,NN
PMDD,NNP
Beyond,IN
Basics,NNS
Print,NNP
OverviewDepression,NNP
mood,NN
disorder,NN
causes,VBZ
persistent,JJ
feeling,NN
sadness,NN
loss,NN
interest,NN
Also,RB
called,VBD
major,JJ
depressive,JJ
disorder,NN
clinical,JJ
depression,NN
affects,VBZ
feel,VBP
think,VBP
behave,VBP
lead,VB
variety,NN
emotional,JJ
physical,JJ
problems,NNS
You,PRP
may,MD
trouble,NN
normal,JJ
activities,NNS
sometimes,RB
may,MD
feel,VB
life,NN
n't,RB
worth,JJ
living,VBG
More,JJR
bout,NN
blues,NNS
depression,NN
n't,RB
weakness,NN
ca,MD
n't,RB
simply,RB
snap,VB
Depression,NNP
may,MD
require,VB
treatment,NN
But,CC
n't,RB
get,VB
discouraged,VBN
Most,JJS
people,NNS
depression,NN
feel,NN
better,RBR
medication,NN
psychotherapy,NN
Depression,NNP
care,NN
Mayo,NNP
ClinicProducts,NNP
ServicesBook,NNP
Mayo,NNP
Clinic,NNP
Family,NNP
Health,NNP
Book,NNP
EditionNewsletter,NN
Mayo,NNP
Clinic,NNP
Health,NNP
Letter,NNP
Digital,NNP
EditionShow,NNP
products,NNS
Mayo,NNP
Clinic,NNP
SymptomsAlthough,NNP
depression,NN
may,MD
occur,VB
life,NN
people,NNS
typically,RB
multiple,JJ
episodes,NNS
During,IN
episodes,NNS
symptoms,NNS
occur,VBP
day,NN
nearly,RB
every,DT
day,NN
may,MD
include,VB
Feelings,NNS
sadness,NN
tearfulness,NN
emptiness,NN
hopelessness,NN
Angry,JJ
outbursts,NNS
irritability,NN
frustration,NN
even,RB
small,JJ
matters,NNS
Loss,NNP
interest,NN
pleasure,NN
normal,JJ
activities,NNS
sex,NN
hobbies,NNS
sports,NNS
Sleep,NNP
disturbances,NNS
including,VBG
insomnia,NN
sleeping,VBG
much,JJ
Tiredness,NNP
lack,NN
energy,NN
even,RB
small,JJ
tasks,NNS
take,VBP
extra,JJ
effort,NN
Reduced,NNP
appetite,NN
weight,JJ
loss,NN
increased,JJ
cravings,NNS
food,NN
weight,NN
gain,NN
Anxiety,NNP
agitation,NN
restlessness,NN
Slowed,NNP
thinking,NN
speaking,NN
body,NN
movements,NNS
Feelings,NNS
worthlessness,NN
guilt,NN
fixating,VBG
past,JJ
failures,NNS
Trouble,JJ
thinking,NN
concentrating,NN
making,VBG
decisions,NNS
remembering,VBG
things,NNS
Frequent,NNP
recurrent,JJ
thoughts,NNS
death,NN
suicidal,JJ
thoughts,NNS
suicide,JJ
attempts,NNS
suicide,NN
Unexplained,JJ
physical,JJ
problems,NNS
back,JJ
pain,NN
headaches,NNS
For,IN
many,JJ
people,NNS
depression,NN
symptoms,NNS
usually,RB
severe,JJ
enough,RB
cause,VB
noticeable,JJ
problems,NNS
activities,NNS
work,NN
school,NN
social,JJ
activities,NNS
relationships,NNS
others,NNS
Some,DT
people,NNS
may,MD
feel,VB
generally,RB
miserable,JJ
unhappy,JJ
without,IN
really,RB
knowing,VBG
Depression,NN
symptoms,NNS
children,NNS
teensCommon,NN
signs,NNS
symptoms,NNS
depression,NN
children,NNS
teenagers,NNS
similar,JJ
adults,NNS
differences,NNS
In,IN
younger,JJR
children,NNS
symptoms,NNS
depression,NN
may,MD
include,VB
sadness,NN
irritability,NN
clinginess,NN
worry,NN
aches,NNS
pains,NNS
refusing,VBG
go,VB
school,NN
underweight,JJ
In,IN
teens,NNS
symptoms,NNS
may,MD
include,VB
sadness,NN
irritability,NN
feeling,VBG
negative,JJ
worthless,NN
anger,NN
poor,JJ
performance,NN
poor,JJ
attendance,NN
school,NN
feeling,VBG
misunderstood,NN
extremely,RB
sensitive,JJ
using,VBG
recreational,JJ
drugs,NNS
alcohol,NN
eating,VBG
sleeping,VBG
much,JJ
loss,NN
interest,NN
normal,JJ
activities,NNS
avoidance,NN
social,JJ
interaction,NN
Depression,NNP
symptoms,NNS
older,JJR
adultsDepression,NN
normal,JJ
part,NN
growing,VBG
older,JJR
never,RB
taken,VBN
lightly,RB
Unfortunately,RB
depression,NN
often,RB
goes,VBZ
undiagnosed,JJ
untreated,JJ
older,JJR
adults,NNS
may,MD
feel,VB
reluctant,JJ
seek,VB
help,NN
Symptoms,NNS
depression,NN
may,MD
different,JJ
less,RBR
obvious,JJ
older,JJR
adults,NNS
Memory,NN
difficulties,NNS
personality,NN
changes,NNS
Physical,NNP
aches,NNS
pain,NN
Fatigue,NNP
loss,NN
appetite,NN
sleep,JJ
problems,NNS
loss,NN
interest,NN
sex,NN
caused,VBN
medical,JJ
condition,NN
medication,NN
Often,RB
wanting,VBG
stay,VB
home,NN
rather,RB
going,VBG
socialize,VB
new,JJ
things,NNS
Suicidal,NNP
thinking,NN
feelings,NNS
especially,RB
older,JJR
men,NNS
When,WRB
see,VB
doctorIf,NN
feel,VBP
depressed,JJ
make,VB
appointment,NN
see,VB
doctor,NN
mental,JJ
health,NN
professional,NN
soon,RB
If,IN
're,VBP
reluctant,JJ
seek,VB
treatment,NN
talk,NN
friend,NN
loved,VBD
one,CD
health,NN
care,NN
professional,JJ
faith,JJ
leader,NN
someone,NN
else,RB
trust,VBP
When,WRB
get,VB
emergency,NN
helpIf,NN
think,VBP
may,MD
hurt,VB
attempt,VB
suicide,NN
call,VB
local,JJ
emergency,NN
number,NN
immediately,RB
Also,RB
consider,VBP
options,NNS
're,VBP
suicidal,JJ
thoughts,NNS
Call,VB
doctor,NN
mental,JJ
health,NN
professional,NN
Call,VB
suicide,JJ
hotline,NN
number,NN
call,VB
National,NNP
Suicide,NNP
Prevention,NNP
Lifeline,NNP
Use,VBP
number,NN
press,NN
reach,VB
Veterans,NNPS
Crisis,NNP
Line,NNP
Reach,VB
close,JJ
friend,NN
loved,VBD
one,CD
Contact,VB
minister,NN
spiritual,JJ
leader,NN
someone,NN
else,RB
faith,NN
community,NN
If,IN
loved,VBN
one,NN
danger,NN
suicide,NN
made,VBN
suicide,JJ
attempt,NN
make,VBP
sure,JJ
someone,NN
stays,VBZ
person,NN
Call,VB
local,JJ
emergency,NN
number,NN
immediately,RB
Or,CC
think,VBP
safely,RB
take,VB
person,NN
nearest,JJS
hospital,NN
emergency,NN
InformationDepression,NNP
major,JJ
depressive,JJ
disorder,NN
care,NN
Mayo,NNP
ClinicMale,NNP
depression,NN
Understanding,VBG
issuesNervous,JJ
breakdown,NN
What,WP
mean,VB
Pain,NNP
depression,NN
Is,VBZ
link,NN
Show,NNP
related,JJ
information,NN
Request,NNP
Appointment,NN
Mayo,NNP
Clinic,NNP
CausesIt,NNP
's,POS
known,VBN
exactly,RB
causes,VBZ
depression,NN
As,IN
many,JJ
mental,JJ
disorders,NNS
variety,NN
factors,NNS
may,MD
involved,VBN
Biological,JJ
differences,NNS
People,NNS
depression,NN
appear,VBP
physical,JJ
changes,NNS
brains,NNS
The,DT
significance,NN
changes,NNS
still,RB
uncertain,JJ
may,MD
eventually,RB
help,VB
pinpoint,NN
causes,NNS
Brain,NNP
chemistry,NN
Neurotransmitters,NNS
naturally,RB
occurring,VBG
brain,NN
chemicals,NNS
likely,JJ
play,VB
role,NN
depression,NN
Recent,JJ
research,NN
indicates,VBZ
changes,NNS
function,NN
effect,NN
neurotransmitters,NNS
interact,VBP
neurocircuits,NNS
involved,VBN
maintaining,VBG
mood,NN
stability,NN
may,MD
play,VB
significant,JJ
role,NN
depression,NN
treatment,NN
Hormones,NNP
Changes,NNS
body,NN
's,POS
balance,NN
hormones,NNS
may,MD
involved,VBN
causing,VBG
triggering,VBG
depression,NN
Hormone,CD
changes,NNS
result,VB
pregnancy,NN
weeks,NNS
months,NNS
delivery,NN
postpartum,NN
thyroid,JJ
problems,NNS
menopause,NN
number,NN
conditions,NNS
Inherited,VBN
traits,NNS
Depression,NNP
common,JJ
people,NNS
whose,WP$
blood,NN
relatives,NNS
also,RB
condition,NN
Researchers,NNS
trying,VBG
find,VB
genes,NNS
may,MD
involved,VBN
causing,VBG
depression,NN
More,JJR
InformationDepression,NN
major,JJ
depressive,JJ
disorder,NN
care,NN
Mayo,NNP
ClinicCaffeine,NNP
depression,NN
Is,VBZ
link,NN
Marijuana,NNP
depressionVitamin,VB
depressionShow,VB
related,JJ
information,NN
Risk,NNP
factorsDepression,NN
often,RB
begins,VBZ
teens,NNS
happen,VB
age,NN
More,JJR
women,NNS
men,NNS
diagnosed,VBN
depression,NN
may,MD
due,JJ
part,NN
women,NNS
likely,JJ
seek,VB
treatment,NN
Factors,NNS
seem,VBP
increase,VB
risk,NN
developing,VBG
triggering,VBG
depression,NN
include,NN
Certain,NNP
personality,NN
traits,NNS
low,JJ
dependent,JJ
pessimistic,JJ
Traumatic,NNP
stressful,JJ
events,NNS
physical,JJ
sexual,JJ
abuse,NN
death,NN
loss,NN
loved,JJ
one,CD
difficult,JJ
relationship,NN
financial,JJ
problems,NNS
Blood,NNP
relatives,NNS
history,NN
depression,NN
bipolar,JJ
disorder,NN
alcoholism,NN
suicide,NN
Being,NNP
lesbian,JJ
gay,NN
bisexual,JJ
transgender,NN
variations,NNS
development,NN
genital,JJ
organs,NNS
n't,RB
clearly,RB
male,JJ
female,JJ
intersex,NN
unsupportive,JJ
situation,NN
History,NNP
mental,JJ
health,NN
disorders,NNS
anxiety,NN
disorder,NN
eating,VBG
disorders,NNS
stress,NN
disorder,NN
Abuse,NNP
alcohol,NN
recreational,JJ
drugs,NNS
Serious,JJ
chronic,JJ
illness,NN
including,VBG
cancer,NN
stroke,VBD
chronic,JJ
pain,NN
heart,NN
disease,NN
Certain,NNP
medications,NNS
high,JJ
blood,NN
pressure,NN
medications,NNS
sleeping,VBG
pills,NNS
talk,NN
doctor,NN
stopping,VBG
medication,NN
ComplicationsDepression,NN
serious,JJ
disorder,NN
take,VB
terrible,JJ
toll,NN
family,NN
Depression,NNP
often,RB
gets,VBZ
worse,JJR
n't,RB
treated,VBN
resulting,VBG
emotional,JJ
behavioral,JJ
health,NN
problems,NNS
affect,VBP
every,DT
area,NN
life,NN
Examples,NNS
complications,NNS
associated,VBN
depression,NN
include,VBP
Excess,JJ
weight,NN
obesity,NN
lead,VB
heart,NN
disease,NN
diabetes,VBZ
Pain,NNP
physical,JJ
illness,NN
Alcohol,NNP
drug,NN
misuse,NN
Anxiety,NNP
panic,JJ
disorder,NN
social,JJ
phobia,NNS
Family,RB
conflicts,NNS
relationship,NN
difficulties,NNS
work,NN
school,NN
problems,NNS
Social,NNP
isolation,NN
Suicidal,NNP
feelings,NNS
suicide,JJ
attempts,NNS
suicide,JJ
cutting,VBG
Premature,NNP
death,NN
medical,JJ
conditions,NNS
More,JJR
InformationDepression,NNP
major,JJ
depressive,JJ
disorder,NN
care,NN
Mayo,NNP
ClinicDepression,NNP
anxiety,NN
Can,NN
I,PRP
PreventionThere,NNP
's,VBZ
sure,JJ
way,NN
prevent,VB
depression,NN
However,RB
strategies,NNS
may,MD
help,VB
Take,VB
steps,NNS
control,VB
stress,NN
increase,VB
resilience,NN
boost,VB
Reach,VB
family,NN
friends,NNS
especially,RB
times,NNS
crisis,NN
help,VB
weather,JJR
rough,JJ
spells,NNS
Get,VB
treatment,NN
earliest,JJS
sign,NN
problem,NN
help,VB
prevent,VB
depression,NN
worsening,VBG
Consider,VB
getting,VBG
maintenance,NN
treatment,NN
help,VB
prevent,VB
relapse,NN
symptoms,NNS
By,IN
Mayo,NNP
Clinic,NNP
Staff,NNP
Depression,NNP
major,JJ
depressive,JJ
disorder,NN
care,NN
Mayo,NNP
Clinic,NNP
Request,NNP
Appointment,NN
Mayo,NNP
Clinic,NNP
Diagnosis,NNP
treatment,NN
Print,NNP
Share,NNP
FacebookTwitter,NNP
Show,NNP
references,VBZ
Brown,NNP
AY,NNP
Allscripts,NNP
EPSi,NNP
Mayo,NNP
Clinic,NNP
Rochester,NNP
Research,JJ
report,NN
Psychiatry,NN
psychology,NN
Mayo,NNP
Clinic,NNP
http,NN
Accessed,VBD
Depressive,JJ
disorders,NNS
In,IN
Diagnostic,JJ
Statistical,JJ
Manual,NNP
Mental,NNP
Disorders,NNP
ed,NN
Arlington,NNP
American,NNP
Psychiatric,NNP
Association,NNP
http,NN
Accessed,VBD
Depression,NNP
National,NNP
Institute,NNP
Mental,NNP
Health,NNP
https,NN
Accessed,VBD
Depression,NNP
National,NNP
Alliance,NNP
Mental,NNP
Illness,NNP
http,NN
Accessed,VBD
Depression,NN
What,WP
need,VBP
know,VB
National,NNP
Institute,NNP
Mental,NNP
Health,NNP
https,NN
Accessed,JJ
What,WP
depression,NN
American,NNP
Psychiatric,NNP
Association,NNP
https,NN
Accessed,VBD
Depression,NNP
NIH,NNP
Senior,NNP
Health,NNP
https,NN
Accessed,VBD
Children,NNP
mental,JJ
health,NN
Anxiety,NN
depression,NN
Centers,NNPS
Disease,NNP
Control,NNP
Prevention,NNP
https,NN
depression,NN
Accessed,VBN
Depression,NNP
complementary,JJ
health,NN
approaches,NNS
What,WP
science,NN
says,VBZ
National,NNP
Center,NNP
Complementary,NNP
Integrative,NNP
Health,NNP
https,NN
Accessed,VBD
Depression,NNP
Natural,NNP
Medicines,NNPS
https,NN
Accessed,JJ
Natural,JJ
medicines,NNS
clinical,JJ
management,NN
depression,NN
Natural,JJ
Medicines,NNPS
http,NN
Accessed,VBD
The,DT
road,NN
resilience,VB
American,NNP
Psychological,NNP
Association,NNP
http,NN
Accessed,JJ
Simon,NNP
G,NNP
et,RB
al,NN
Unipolar,JJ
depression,NN
adults,NNS
Choosing,VBG
initial,JJ
treatment,NN
http,NN
Accessed,VBD
Stewart,NNP
D,NNP
et,RB
al,NN
Risks,NNP
antidepressants,NNS
pregnancy,NN
Selective,JJ
serotonin,NNS
reuptake,VBP
inhibitors,NNS
SSRIs,NNP
http,NN
Accessed,VBD
Kimmel,NNP
MC,NNP
et,RB
al,NN
Safety,NN
infant,JJ
exposure,NN
antidepressants,NNS
benzodiazepines,NNS
breastfeeding,NN
http,NN
Accessed,VBD
Bipolar,NNP
related,JJ
disorders,NNS
In,IN
Diagnostic,JJ
Statistical,JJ
Manual,NNP
Mental,NNP
Disorders,NNP
ed,NN
Arlington,NNP
American,NNP
Psychiatric,NNP
Association,NNP
http,NN
Accessed,VBD
Hirsch,NNP
M,NNP
et,RB
al,NN
Monoamine,NNP
oxidase,NN
inhibitors,NNS
MAOIs,NNP
treating,VBG
depressed,JJ
adults,NNS
http,NN
Accessed,VBD
DK,NNP
expert,JJ
opinion,NN
Mayo,NNP
Clinic,NNP
Rochester,NNP
Krieger,NNP
CA,NNP
expert,JJ
opinion,NN
Mayo,NNP
Clinic,NNP
Rochester,NNP
Related,VBN
Antidepressant,JJ
withdrawal,NN
Is,VBZ
thing,NN
Antidepressants,NNS
alcohol,NN
What,WP
's,VBZ
concern,NN
Antidepressants,NNS
weight,JJ
gain,NN
What,WP
causes,VBZ
Antidepressants,NNS
Can,MD
stop,VB
working,VBG
Antidepressants,NNS
Selecting,VBG
one,CD
's,POS
right,NN
Antidepressants,NNS
Side,NN
effects,NNS
Antidepressants,NNS
Which,NNP
cause,VBP
fewest,JJS
sexual,JJ
side,NN
effects,NNS
Atypical,JJ
antidepressants,NNS
Caffeine,NNP
depression,NN
Is,VBZ
link,NN
Clinical,JJ
depression,NN
What,WP
mean,VB
Depression,NNP
anxiety,NN
Can,NN
I,PRP
Depression,NNP
diet,JJ
Depression,NNP
women,NNS
Understanding,VBG
gender,NN
gap,NN
Depression,NNP
anxiety,NN
exercise,NN
Depression,NN
Supporting,VBG
family,NN
member,NN
friend,NN
Fish,JJ
oil,NN
depression,NN
Lexapro,NNP
side,NN
effects,NNS
Is,VBZ
breast,JJ
tenderness,JJ
common,JJ
Male,JJ
depression,NN
Understanding,VBG
issues,NNS
MAOIs,NNP
diet,JJ
Is,VBZ
necessary,JJ
restrict,VB
tyramine,NN
Marijuana,NNP
depression,NN
Mild,NNP
depression,NN
Are,VBP
antidepressants,NNS
effective,JJ
Monoamine,NNP
oxidase,NN
inhibitors,NNS
MAOIs,NNP
Natural,NNP
remedies,NNS
depression,NN
Are,VBP
effective,JJ
Nervous,JJ
breakdown,NN
What,WP
mean,VB
Pain,NNP
depression,NN
Is,VBZ
link,NN
Selective,JJ
serotonin,NN
reuptake,NN
inhibitors,NNS
SSRIs,NNP
Serotonin,NNP
norepinephrine,JJ
reuptake,NN
inhibitors,NNS
SNRIs,NNP
depression,NN
Tricyclic,NNP
antidepressants,NNS
tetracyclic,JJ
antidepressants,NNS
Vitamin,NNP
depression,NN
Show,NNP
related,JJ
content,NN
Associated,NNP
Procedures,NNP
Complete,NNP
blood,NN
count,NN
CBC,NNP
Electroconvulsive,NNP
therapy,NN
ECT,NNP
Psychotherapy,NNP
Transcranial,NNP
magnetic,JJ
stimulation,NN
Vagus,NNP
nerve,NN
stimulation,NN
Show,NNP
associated,JJ
procedures,NNS
News,NNP
Mayo,NNP
Clinic,NNP
Science,NNP
Saturday,NNP
Mayo,NNP
Clinic,NNP
algorithm,NN
shows,VBZ
potential,JJ
individualizing,VBG
treatment,NN
depression,NN
CDT,NNP
Products,NNP
Services,NNPS
Book,NN
Mayo,NNP
Clinic,NNP
Family,NNP
Health,NNP
Book,NNP
Edition,NN
Newsletter,NN
Mayo,NNP
Clinic,NNP
Health,NNP
Letter,NNP
Digital,NNP
Edition,NNP
Show,NNP
products,NNS
services,NNS
Mayo,NNP
Clinic,NNP
Mayo,NNP
Clinic,NNP
Rochester,NNP
recognized,VBN
one,CD
top,JJ
Psychiatry,NN
hospitals,NNS
nation,NN
News,NNP
World,NNP
Report,NNP
Learn,NNP
top,JJ
honor,NN
Depression,NNP
major,JJ
depressive,JJ
disorder,NN
Symptoms,NNP
causesDiagnosis,NN
treatmentDoctors,NNS
departmentsCare,NN
Mayo,NNP
Clinic,NNP
Advertisement,NNP
Mayo,NNP
Clinic,NNP
endorse,VB
companies,NNS
products,NNS
Advertising,NN
revenue,NN
supports,VBZ
mission,NN
Advertising,NNP
Sponsorship,NNP
Policy,NNP
Opportunities,NNP
Ad,NNP
Choices,NNP
Mayo,NNP
Clinic,NNP
Press,NNP
Check,NNP
special,JJ
offers,NNS
books,NNS
newsletters,NNS
Mayo,NNP
Clinic,NNP
Try,NNP
Mayo,NNP
Clinic,NNP
Health,NNP
Letter,NNP
get,NN
FREE,NNP
bookNEW,NN
Back,NNP
Neck,NNP
HealthMayo,NNP
Clinic,NNP
Digestive,NNP
HealthNEW,NNP
Live,JJ
Younger,JJR
LongerSimple,NNP
effective,JJ
Home,NNP
Remedies,NNP
Patient,NNP
Care,NNP
Health,NNP
Information,NNP
Diseases,NNP
Conditions,NNP
Depression,NNP
major,JJ
depressive,JJ
disorder,NN
border,NN
none,NN
margin,NN
width,NN
auto,NN
clear,JJ
none,NN
float,NN
none,NN
transparent,NN
margin,NN
auto,NN
Major,NNP
depressive,JJ
disorderClassification,NN
external,JJ
resourcesDepression,NN
common,JJ
affect,VB
anyone,NN
Depression,NNP
also,RB
called,VBD
major,JJ
depressive,JJ
disorder,NN
unipolar,JJ
depression,NN
clinical,JJ
depression,NN
mental,JJ
illness,NN
Many,JJ
people,NNS
think,VBP
depression,NN
means,VBZ
person,NN
sad,JJ
However,RB
depression,NN
cause,VB
many,JJ
symptoms,NNS
body,NN
well,RB
mood,NN
problems,NNS
Contents,NNS
Diagnosis,NNP
Prevalence,NNP
In,IN
different,JJ
cultures,NNS
In,IN
men,NNS
women,NNS
In,IN
children,NNS
Types,NNS
depression,NN
Causes,NNS
depression,NN
Possible,JJ
causes,NNS
Treatment,NNP
Medication,NNP
Psychotherapy,NNP
Surgeries,NNPS
procedures,NNS
Pet,NNP
therapy,NN
Related,VBN
pages,NNS
Further,NNP
reading,VBG
References,NNS
Books,NNP
Other,JJ
websites,NNS
Diagnosis,NNP
change,NN
change,NN
source,NN
The,DT
used,VBN
around,IN
world,NN
diagnose,VB
people,NNS
illnesses,NNS
like,IN
depression,NN
According,VBG
person,NN
diagnosed,VBN
depression,NN
symptoms,NNS
last,JJ
least,JJS
two,CD
weeks,NNS
The,DT
symptoms,NNS
must,MD
happen,VB
every,DT
day,NN
almost,RB
every,DT
day,NN
These,DT
symptoms,NNS
also,RB
cause,VB
problems,NNS
person,NN
's,POS
life,NN
like,IN
work,NN
life,NN
family,NN
life,NN
social,JJ
life,NN
important,JJ
parts,NNS
life,NN
Usually,NNP
depression,NN
diagnosed,VBN
person,NN
must,MD
five,CD
symptoms,NNS
Depressed,VBD
mood,NN
day,NN
feelings,NNS
sadness,NN
emptiness,NN
hopelessness,NN
Teenagers,NNPS
may,MD
irritable,JJ
may,MD
get,VB
angry,JJ
easily,RB
instead,RB
seeming,VBG
depressed,JJ
Feeling,NNP
much,RB
less,RBR
interested,JJ
usual,JJ
almost,RB
activities,NNS
getting,VBG
pleasure,NN
activities,NNS
Significant,NNP
weight,VBD
loss,NN
dieting,VBG
weight,JJ
gain,NN
generally,RB
change,NN
body,NN
weight,NN
Sleeping,VBG
usual,JJ
trouble,NN
sleeping,VBG
Moving,VBG
around,RB
usual,JJ
psychomotor,JJ
agitation,NN
moving,VBG
slowly,RB
usual,JJ
psychomotor,JJ
retardation,NN
Feeling,NN
tired,VBD
energy,NN
nearly,RB
every,DT
day,NN
Feeling,NNP
worthless,NN
guilty,JJ
Not,RB
able,JJ
think,VB
concentrate,VB
make,VB
decisions,NNS
normally,RB
Thinking,VBG
lot,NN
death,NN
afraid,VBN
die,VB
Most,JJS
people,NNS
depression,NN
completely,RB
understand,VB
effects,NNS
Instead,RB
see,VBP
simply,RB
sad,VBN
Since,IN
understood,JJ
many,JJ
people,NNS
criticize,VBP
people,NNS
depression,NN
helping,VBG
source,NN
Some,DT
people,NNS
depression,NN
die,NN
suicide,NN
Depression,NNP
one,CD
mental,JJ
illnesses,NNS
cause,VB
person,NN
suicidal,VBN
thoughts,NNS
Prevalence,NNP
change,NN
change,NN
source,NN
This,DT
section,NN
sources,NNS
You,PRP
help,VB
Wikipedia,NNP
finding,VBG
good,JJ
sources,NNS
adding,VBG
September,NNP
It,PRP
impossible,JJ
get,VB
exact,JJ
number,NN
many,JJ
people,NNS
depression,NN
There,EX
many,JJ
reasons,NNS
For,IN
example,NN
People,NNS
may,MD
admit,VB
depression,NN
stigma,NN
depression,NN
Some,DT
people,NNS
may,MD
correctly,RB
diagnosed,VBN
depression,NN
Different,NNP
doctors,NNS
mental,JJ
health,NN
workers,NNS
may,MD
diagnose,VB
depression,NN
differently,RB
The,DT
number,NN
people,NNS
diagnosed,VBN
depression,NN
different,JJ
different,JJ
cultures,NNS
among,IN
men,NNS
women,NNS
In,IN
different,JJ
cultures,NNS
change,NN
change,NN
source,NN
Major,NNP
depression,NN
one,CD
common,JJ
mental,JJ
illnesses,NNS
United,NNP
States,NNPS
In,IN
million,CD
adults,NNS
United,NNP
States,NNPS
least,JJS
one,CD
episode,NN
major,JJ
depression,NN
This,DT
adults,NNS
United,NNP
States,NNPS
Around,IN
world,NN
depression,NN
causes,VBZ
disability,NN
mental,JJ
health,NN
behavioral,JJ
illness,NN
according,VBG
World,NNP
Health,NNP
Organization,NNP
However,RB
prevalence,NN
depression,NN
different,JJ
different,JJ
cultures,NNS
countries,NNS
Prince,NN
found,VBD
virtually,RB
depression,NN
Asian,JJ
African,JJ
countries,NNS
However,RB
psychologists,NNS
Zhang,NNP
Kleinman,NNP
found,VBN
disorders,NNS
similar,JJ
symptoms,NNS
different,JJ
names,NNS
For,IN
example,NN
Zhang,NNP
found,VBD
China,NNP
little,JJ
mention,NN
depression,NN
However,RB
instead,RB
disorder,NN
called,VBN
Neurasthenia,NNP
far,RB
common,JJ
When,WRB
interviewing,VBG
Neurasthenia,NNP
patients,NNS
Zhang,NNP
found,VBD
symptoms,NNS
matched,VBD
symptoms,NNS
depression,NN
While,IN
term,NN
depression,NN
practically,RB
unheard,JJ
China,NNP
Neurasthenia,NNP
could,MD
well,RB
similar,JJ
disorder,NN
thing,NN
It,PRP
also,RB
important,JJ
take,VB
different,JJ
cultures,NNS
ways,NNS
classifying,VBG
depression,NN
For,IN
example,NN
China,NNP
many,JJ
people,NNS
believe,VBP
doctors,NNS
solve,VBP
physical,JJ
symptoms,NNS
mental,JJ
problems,NNS
This,DT
may,MD
made,VBN
likely,JJ
depression,NN
diagnosed,VBN
medical,JJ
condition,NN
like,IN
Neurasthenia,NNP
In,IN
men,NNS
women,NNS
change,NN
change,NN
source,NN
Typically,NNP
Western,JJ
cultures,NNS
women,NNS
diagnosed,VBN
depression,NN
twice,RB
often,RB
men,NNS
However,RB
men,NNS
often,RB
likely,JJ
women,NNS
die,VB
suicide,NN
In,IN
children,NNS
change,NN
change,NN
source,NN
Depression,NNP
children,NNS
harder,JJR
see,VB
Children,NNP
depressed,VBN
may,MD
loss,NN
appetite,NN
meaning,VBG
want,VB
eat,VB
They,PRP
may,MD
also,RB
clearly,RB
trouble,NN
everyday,JJ
life,NN
For,IN
example,NN
may,MD
sleep,JJ
problems,NNS
like,IN
nightmares,NNS
new,JJ
problems,NNS
behaviour,NN
grades,NNS
school,NN
irritable,JJ
usual,JJ
Types,NNP
depression,NN
change,NN
change,NN
source,NN
This,DT
section,NN
sources,NNS
You,PRP
help,VB
Wikipedia,NNP
finding,VBG
good,JJ
sources,NNS
adding,VBG
September,NNP
Major,NNP
depressive,JJ
disorder,NN
also,RB
referred,VBN
major,JJ
biochemical,JJ
clinical,JJ
endogenous,JJ
biological,JJ
depression,NN
It,PRP
may,MD
also,RB
called,VBN
unipolar,JJ
affective,JJ
disorder,NN
There,EX
many,JJ
subtypes,NNS
depression,NN
Melancholia,NNP
melancholic,JJ
depression,NN
severe,JJ
bad,JJ
It,PRP
cause,VB
many,JJ
physical,JJ
changes,NNS
like,IN
sleep,NN
appetite,JJ
changes,NNS
It,PRP
also,RB
cause,VB
person,NN
change,VB
behavior,NN
example,NN
wanting,VBG
around,IN
people,NNS
Psychotic,JJ
depression,NN
much,RB
like,IN
melancholia,NNS
hallucinations,NNS
delusions,NNS
Atypical,JJ
depression,NN
causes,NNS
anxiety,NN
panic,JJ
attacks,NNS
Chronic,NNP
dysthymic,JJ
disorder,NN
mild,JJ
depression,NN
lasts,VBZ
least,JJS
two,CD
years,NNS
It,PRP
often,RB
begins,VBZ
adolescence,NN
lasts,NNS
many,JJ
years,NNS
Seasonal,JJ
affective,JJ
disorder,NN
SAD,NNP
depression,NN
seems,VBZ
related,VBN
winter,NN
season,NN
It,PRP
usually,RB
starts,VBZ
autumn,NN
goes,VBZ
away,RB
spring,NN
every,DT
year,NN
It,PRP
common,JJ
Alaska,NNP
Canada,NNP
Scandinavia,NNP
Sweden,NNP
Norway,NNP
Denmark,NNP
Finland,NNP
Iceland,NNP
Causes,NNS
depression,NN
change,NN
change,NN
source,NN
As,IN
scientists,NNS
believe,VBP
one,NN
cause,NN
depression,NN
There,EX
lot,NN
argument,NN
whether,IN
depression,NN
caused,VBN
biological,JJ
cognitive,JJ
sociocultural,JJ
factors,NNS
Biological,JJ
explanations,NNS
depression,NN
focus,NN
changes,NNS
brain,NN
chemicals,NNS
neurotransmitters,NNS
Cognitive,JJ
explanations,NNS
depression,NN
focus,NN
way,NN
think,VBP
cognition,NN
affects,VBZ
mood,NN
These,DT
explanations,NNS
say,VBP
person,NN
thinks,VBZ
negatively,RB
thinking,NN
make,VB
feel,VB
negatively,RB
world,NN
around,IN
Sociocultural,JJ
explanations,NNS
depression,NN
blame,NN
stressful,JJ
things,NNS
like,IN
divorce,NN
losing,VBG
job,NN
bullying,NN
poverty,NN
causing,VBG
depression,NN
The,DT
United,NNP
States,NNPS
National,NNP
Institutes,NNPS
Health,NNP
say,VBP
depression,NN
comes,VBZ
brain,NN
However,RB
scientists,NNS
still,RB
trying,VBG
find,VB
exactly,RB
happens,VBZ
Possible,JJ
causes,NNS
change,NN
change,NN
source,NN
There,EX
many,JJ
theories,NNS
causes,VBZ
depression,NN
These,DT
theories,NNS
include,VBP
source,NN
Heredity,NNP
someone,NN
's,POS
genes,NNS
Depression,NN
often,RB
runs,VBZ
families,NNS
However,RB
people,NNS
get,VB
depression,VB
even,RB
related,VBN
anyone,NN
else,RB
Physiology,NN
The,DT
amounts,NNS
chemicals,NNS
brain,NN
Serotonin,NNP
main,JJ
chemical,NN
brain,NN
happiness,NN
Many,JJ
antidepressant,JJ
medications,NNS
work,NN
balancing,VBG
amount,NN
serotonin,NN
brain,NN
Psychological,JJ
factors,NNS
Low,JJ
harmful,JJ
thinking,VBG
Early,JJ
experiences,NNS
Events,NNS
death,NN
parent,NN
guardian,NN
abandonment,NN
rejection,NN
neglect,NN
chronic,JJ
illness,NN
severe,JJ
physical,JJ
psychological,JJ
sexual,JJ
abuse,NN
Life,JJ
experiences,NNS
Losing,VBG
job,NN
homelessness,NN
problems,NNS
money,NN
death,NN
loved,JJ
one,CD
relationship,NN
problems,NNS
separation,NN
partner,NN
victim,NN
crime,NN
life,NN
problems,NNS
cause,VB
depression,NN
Medical,JJ
conditions,NNS
Some,DT
illnesses,NNS
hypothyroidism,NN
hepatitis,NN
mononucleosis,NN
head,NN
injuries,NNS
may,MD
contribute,VB
depression,NN
Alcohol,NNP
drugs,NNS
Alcohol,NN
make,VB
people,NNS
depressed,VBN
If,IN
person,NN
abuses,VBZ
alcohol,NN
tranquillizers,NNS
sleeping,VBG
medications,NNS
narcotics,NNS
affect,VB
long,JJ
depression,NN
lasts,NNS
bad,JJ
Some,DT
medicines,NNS
like,IN
birth,NN
control,NN
pills,NNS
steroids,NNS
may,MD
also,RB
contribute,VB
depression,NN
Pesticides,NNS
Several,JJ
scientific,JJ
studies,NNS
found,VBN
statistical,JJ
links,NNS
depression,NN
pesticides,NNS
Some,DT
depressed,JJ
people,NNS
also,RB
mental,JJ
disorders,NNS
personality,NN
disorders,NNS
anxiety,NN
disorders,NNS
Treatment,NNP
change,NN
change,NN
source,NN
Depression,NNP
usually,RB
treated,VBN
combination,NN
medication,NN
therapy,NN
Good,JJ
exercise,NN
helps,VBZ
deal,VB
depression,NN
since,IN
exercise,NN
releases,NNS
chemicals,NNS
put,VBD
person,NN
better,JJR
mood,NN
Having,VBG
supportive,JJ
group,NN
friends,NNS
outside,JJ
activities,NNS
also,RB
help,VB
prevent,NN
ease,NN
depression,NN
Medication,NNP
change,NN
change,NN
source,NN
There,EX
many,JJ
medications,NNS
help,VB
depression,NN
Many,JJ
called,VBN
antidepressants,NNS
Examples,NNS
medications,NNS
used,VBN
treat,VB
depression,NN
include,NN
Selective,NNP
serotonin,NN
reuptake,NN
inhibitors,NNS
SSRIs,NNP
These,DT
commonly,RB
used,VBD
type,NN
antidepressant,JJ
medicine,NN
These,DT
drugs,NNS
work,NN
allowing,VBG
brain,NN
serotonin,NN
They,PRP
fewer,JJR
side,NN
effects,NNS
older,JJR
antidepressants,NNS
Examples,NNS
include,VBP
fluoxetine,NN
Prozac,NNP
paroxetine,NN
Paxil,NNP
sertraline,NN
Zoloft,NNP
Tricyclic,JJ
antidepressants,NNS
These,DT
older,JJR
type,NN
antidepressant,NN
They,PRP
used,VBN
often,RB
today,NN
many,JJ
bad,JJ
side,NN
effects,NNS
work,VB
well,RB
SSRIs,NNP
An,DT
example,NN
nortriptyline,JJ
Allegron,NNP
Monoamine,NNP
oxidase,NN
inhibitors,NNS
MAOIs,NNP
They,PRP
may,MD
used,VBN
antidepressant,JJ
medications,NNS
work,VB
well,RB
This,DT
kind,NN
medicine,NN
taken,VBN
many,JJ
different,JJ
foods,NNS
medications,NNS
Sometimes,RB
antidepressant,JJ
medicine,NN
works,NNS
better,RBR
used,VBN
together,RB
another,DT
drug,NN
antidepressant,NN
These,DT
augmentor,NN
drugs,NNS
include,VBP
Tranquillizers,NNS
sedatives,NNS
These,DT
help,VB
people,NNS
sleep,VB
better,JJR
feel,VB
less,RBR
anxious,JJ
Antipsychotics,NNPS
These,DT
help,VB
keep,VB
stop,VB
mood,NN
swings,NNS
They,PRP
also,RB
make,VB
hallucinations,NNS
better,JJR
make,VB
go,VB
away,RB
completely,RB
Lithium,NN
This,DT
mood,NN
stabilizer,NN
often,RB
used,VBN
bipolar,JJ
disorder,NN
also,RB
help,VB
people,NNS
depression,NN
If,IN
people,NNS
depression,NN
take,VB
medicine,NN
right,JJ
way,NN
depression,NN
get,VB
worse,JJR
A,DT
doctor,NN
must,MD
help,VB
want,VBP
change,VB
another,DT
medication,NN
take,VB
different,JJ
amount,NN
medication,NN
Psychotherapy,NNP
change,NN
change,NN
source,NN
Psychotherapy,NNP
often,RB
helpful,JJ
treatment,NN
depression,NN
In,IN
psychotherapy,NN
therapist,NN
helps,VBZ
person,NN
understand,VB
solve,VB
problems,NNS
cause,VBP
depression,NN
The,DT
therapist,NN
also,RB
helps,VBZ
person,NN
learn,JJ
skills,NNS
dealing,VBG
depression,NN
Psychotherapy,NNP
help,VB
person,NN
make,NN
changes,NNS
way,NN
think,VBP
order,NN
help,VB
life,NN
problems,NNS
understand,VB
makes,VBZ
depression,NN
worse,NN
The,DT
effective,JJ
psychotherapy,NN
depression,NN
Cognitive,JJ
behavioral,JJ
therapy,NN
CBT,NNP
source,NN
This,DT
teaches,VBZ
person,NN
think,VB
rational,JJ
positive,JJ
realistic,JJ
manner,NN
Surgeries,NNS
procedures,NNS
change,NN
change,NN
source,NN
Electroconvulsive,NNP
therapy,NN
ECT,NNP
also,RB
called,VBD
electroshock,NN
therapy,NN
shock,NN
therapy,NN
used,VBN
treat,VB
small,JJ
percentage,NN
severely,RB
depressed,JJ
people,NNS
ECT,NNP
uses,VBZ
small,JJ
amount,NN
electricity,NN
cause,VB
epileptic,JJ
seizure,NN
patient,NN
anesthesia,NN
This,DT
may,MD
cause,VB
memory,NN
loss,NN
amnesia,JJ
side,NN
effects,NNS
In,IN
past,NN
doctors,NNS
used,VBD
different,JJ
ways,NNS
treating,VBG
depression,NN
These,DT
rarely,RB
used,VBN
They,PRP
include,VBP
Insulin,NNP
shock,NN
treatment,NN
The,DT
doctor,NN
would,MD
lower,VB
patient,NN
's,POS
blood,NN
sugar,NN
much,JJ
patient,NN
would,MD
seizure,NN
Lobotomy,NNP
This,DT
form,NN
surgery,NN
The,DT
surgeon,NN
would,MD
use,VB
ice,NN
pick,NN
surgical,JJ
knife,NN
cut,VB
nerves,NNS
frontal,JJ
lobe,NN
brain,NN
Pet,NNP
therapy,NN
change,NN
change,NN
source,NN
Pet,NNP
therapy,NN
animal,JJ
companionship,NN
help,VB
people,NNS
suffering,VBG
depression,NN
anxiety,NN
Related,VBN
pages,NNS
change,NN
change,NN
source,NN
Dysthymia,NNP
mild,JJ
depression,NN
Mania,NNP
Bipolar,NNP
disorder,NN
mood,NN
disorder,NN
involves,VBZ
mania,NN
depression,NN
Cyclothymia,NNP
mild,JJ
form,NN
bipolar,JJ
disorder,NN
Melancholia,NNP
Further,NNP
reading,NN
change,NN
change,NN
source,NN
Study,NNP
showing,VBG
genetic,JJ
links,NNS
depression,NN
four,CD
major,JJ
psychiatric,JJ
disorders,NNS
autism,NN
ADHD,NNP
bipolar,JJ
disorder,NN
schizophrenia,NN
Disorders,NNP
Share,NNP
Genetic,NNP
Risk,NNP
Factors,NNP
Study,NNP
Finds,NNP
The,DT
New,NNP
York,NNP
Times,NNP
February,NNP
Psychiatric,NNP
Disorders,NNP
Linked,NNP
Genetically,NNP
The,DT
Wall,NNP
Street,NNP
Journal,NNP
February,NNP
References,NNPS
change,NN
change,NN
source,NN
decimal,JJ
inherit,NN
ol,NN
li,NN
avoid,NN
inherit,NN
q,NN
quotes,NNS
',''
',''
background,NN
transparent,JJ
transparent,NN
url,JJ
right,VBD
background,NN
transparent,JJ
transparent,NN
url,JJ
right,VBD
background,NN
transparent,JJ
transparent,NN
url,JJ
right,VBD
color,NN
span,NN
span,NN
dotted,VBN
cursor,NN
help,NN
background,NN
transparent,JJ
transparent,NN
url,JJ
right,VBD
color,NN
inherit,NN
background,NN
inherit,NN
border,NN
none,NN
padding,NN
inherit,NN
display,NN
none,NN
display,NN
none,NN
color,NN
inherit,NN
Resource,NNP
Coding,NN
Major,NNP
Depressive,NNP
Disorder,NNP
PDF,NNP
AAPC,NNP
Archived,VBN
original,JJ
PDF,NNP
August,NNP
Retrieved,VBD
September,NNP
Major,JJ
Depression,NNP
Among,IN
Adults,NNP
National,NNP
Institutes,NNPS
Mental,NNP
Health,NNP
National,NNP
Institutes,NNPS
Health,NNP
Retrieved,VBD
September,NNP
Suicide,NNP
Statistics,NNPS
Report,NNP
PDF,NNP
Archived,VBN
original,JJ
PDF,NNP
June,NNP
Child,NNP
depression,NN
Cambridge,NNP
Encyclopedia,NNP
Child,NNP
Development,NNP
Cambridge,NNP
University,NNP
Press,NNP
Cambridge,NNP
United,NNP
Kingdom,NNP
NIMH,NNP
Causes,NNP
Depression,NNP
last,JJ
update,JJ
Archived,VBN
original,JJ
July,NNP
Retrieved,VBN
July,NNP
Check,VB
date,NN
values,NNS
help,NN
Psychiatric,JJ
disorders,NNS
among,IN
Egyptian,JJ
pesticide,NN
applicators,NNS
Amr,NNP
MM,NNP
Halim,NNP
ZS,NNP
Moussa,NNP
SS,NNP
In,IN
Environ,NNP
Res,NNP
PMID,NNP
Depression,NNP
pesticide,NN
exposures,NNS
among,IN
private,JJ
pesticide,NN
applicators,NNS
enrolled,VBD
Agricultural,NNP
Health,NNP
Study,NNP
By,IN
Beseler,NNP
CL,NNP
Stallones,NNP
L,NNP
Hoppin,NNP
JA,NNP
Alavanja,NNP
MC,NNP
Blair,NNP
A,NNP
Keefe,NNP
T,NNP
Kamel,NNP
In,IN
Environ,NNP
Health,NNP
Perspect,NNP
Dec,NNP
A,NNP
cohort,NN
study,NN
pesticide,NN
poisoning,NN
depression,NN
Colorado,NNP
farm,NN
residents,NNS
By,IN
Beseler,NNP
CL,NNP
Stallones,NNP
In,IN
Ann,NNP
Epidemiol,NNP
Oct,NNP
Mood,NNP
disorders,NNS
hospitalizations,NNS
suicide,NN
attempts,NNS
suicide,JJ
mortality,NN
among,IN
agricultural,JJ
workers,NNS
residents,NNS
area,NN
intensive,JJ
use,NN
pesticides,NNS
Brazil,NNP
By,IN
Meyer,NNP
A,NNP
Koifman,NNP
S,NNP
Koifman,NNP
RJ,NNP
Moreira,NNP
JC,NNP
de,FW
Rezende,NNP
Chrisman,NNP
J,NNP
Y,NNP
In,IN
J,NNP
Toxicol,NNP
Environ,NNP
Health,NNP
A,NNP
PMID,NNP
Suicide,NNP
potential,JJ
occupational,JJ
exposure,NN
pesticides,NNS
Colorado,NNP
By,IN
Stallones,NNP
In,IN
J,NNP
Agromedicine,NNP
PMID,NNP
Increased,VBD
risk,NN
suicide,NN
exposure,NN
pesticides,NNS
intensive,JJ
agricultural,JJ
area,NN
A,DT
retrospective,NN
study,NN
Di,NNP
T,NNP
AF,NNP
Villanueva,NNP
In,IN
Forensic,NNP
Sci,NNP
Int,NNP
May,NNP
Dunn,NNP
Exercise,NNP
Depression,NNP
Rivals,NNP
Drugs,NNP
Therapy,NNP
American,JJ
Journal,NNP
Preventive,NNP
Medicine,NNP
January,NNP
vol,CC
pp,JJ
National,NNP
Institutes,NNPS
Mental,NNP
Health,NNP
Depression,NN
News,NNP
release,NN
University,NNP
Texas,NNP
Southwestern,NNP
Medical,NNP
Center,NNP
Dallas,NNP
Antidepressants,NNS
Selecting,VBG
One,CD
That,WDT
's,POS
Right,NNP
You,PRP
Mayo,NNP
Clinic,NNP
Online,NNP
Mayo,NNP
Foundation,NNP
Medical,NNP
Education,NNP
Research,NNP
Missing,VBG
empty,JJ
help,NN
requires,VBZ
help,NN
Understanding,NNP
Depression,NNP
Effective,NNP
Treatment,NNP
American,NNP
Psychological,NNP
Association,NNP
July,NNP
Retrieved,VBD
September,NNP
Electroconvulsive,JJ
Therapy,NNP
ECT,NNP
Mayo,NNP
Clinic,NNP
Online,NNP
Mayo,NNP
Foundation,NNP
Medical,NNP
Education,NNP
Research,NNP
September,NNP
Retrieved,VBD
September,NNP
American,JJ
Experience,NN
A,DT
Brilliant,NNP
Madness,NNP
WGBH,NNP
PBS,NNP
Archived,VBN
original,JJ
October,NNP
Retrieved,VBD
September,NNP
Lobotomy,NNP
Andrew,NNP
Rosen,NNP
May,NNP
Pet,NNP
Therapy,NNP
Benefits,NNP
Depression,NNP
Anxiety,NNP
Five,JJ
Very,RB
Different,JJ
Major,NNP
Psychiatric,NNP
Disorders,NNP
Have,VBP
Shared,VBN
Genetics,NNS
Science,NNP
World,NNP
Report,NNP
Books,NNP
change,NN
change,NN
source,NN
Books,NNP
Beck,NNP
Rush,NNP
Shaw,NNP
Emery,NNP
Cognitive,JJ
therapy,NN
depression,NN
New,NNP
York,NNP
Guilford,NNP
Klein,NNP
Wender,NNP
Understanding,VBG
depression,NN
A,DT
complete,JJ
guide,NN
diagnosis,NN
treatment,NN
New,NNP
York,NNP
Oxford,NNP
University,NNP
Press,NNP
Weissman,NNP
Markowitz,NNP
Klerman,NNP
Comprehensive,NNP
guide,NN
interpersonal,JJ
psychotherapy,NN
New,NNP
York,NNP
Basic,JJ
Books,NNP
Books,NNP
persons,NNS
suffering,VBG
suffered,VBN
depression,NN
Smith,NNP
Jeffery,NNP
Where,WRB
roots,NNS
reach,VBP
water,NN
A,DT
personal,JJ
natural,JJ
history,NN
melancholia,NN
New,NNP
York,NNP
North,JJ
Point,NNP
Press,NNP
Solomon,NNP
Andrew,NNP
The,DT
noonday,JJ
demon,NN
An,DT
atlas,NN
depression,NN
New,NNP
York,NNP
Sribner,NNP
Styron,NNP
William,NNP
Darkness,NNP
visible,JJ
A,DT
memoir,NN
madness,NN
New,NNP
York,NNP
Vintage,NN
House,NNP
Wolpert,NNP
Lewis,NNP
Malignant,JJ
sadness,NN
The,DT
anatomy,NN
depression,NN
London,NNP
Faber,NNP
Faber,NNP
bibliotherapeutic,JJ
books,NNS
Lewinsohn,NNP
Munoz,NNP
F,NNP
Youngren,NNP
Zeiss,NNP
Control,VB
depression,NN
New,NNP
York,NNP
Schuster,NNP
Other,JJ
websites,NNS
change,NN
change,NN
source,NN
Internet,NNP
Mental,NNP
Health,NNP
Major,JJ
Depressive,NNP
Disorder,NNP
Depression,NNP
Alliance,NNP
website,NN
UK,NNP
charity,NN
useful,JJ
information,NN
Depression,NNP
Fact,NNP
Sheets,NNP
Facts,VBZ
causes,NNS
symptoms,NNS
treatment,NN
depressive,JJ
disorders,NNS
Detailed,JJ
information,NN
concerning,VBG
Emil,NNP
Kraepelin,NNP
identified,VBD
Manic,NNP
Depression,NNP
Depression,NNP
A,DT
Silent,JJ
Killer,NNP
Major,JJ
Causes,NNS
Types,NNP
Depression,NNP
Treatment,NNP
Depression,NNP
img,NN
border,NN
none,NN
position,NN
absolute,NN
Retrieved,NNP
https,NN
Symptoms,NNP
Clinical,JJ
depression,NN
The,DT
symptoms,NNS
depression,NN
complex,JJ
vary,JJ
widely,RB
people,NNS
If,IN
depressed,VBD
may,MD
feel,VB
sad,JJ
hopeless,JJ
lose,JJ
interest,NN
things,NNS
used,VBD
symptoms,NNS
persist,VB
weeks,NNS
months,NNS
bad,JJ
enough,RB
interfere,VB
work,NN
social,JJ
life,NN
family,NN
many,JJ
symptoms,NNS
depression,NN
're,VBP
unlikely,JJ
listed,VBN
page,NN
Psychological,JJ
symptomsThe,NN
psychological,JJ
symptoms,NNS
depression,NN
include,NN
continuous,JJ
low,JJ
mood,NN
sadnessfeeling,VBG
hopeless,NN
helplesshaving,VBG
low,JJ
tearfulfeeling,VBG
irritable,JJ
intolerant,NN
othershaving,VBG
motivation,NN
interest,NN
thingsfinding,VBG
difficult,JJ
make,VB
decisionsnot,JJ
getting,VBG
enjoyment,JJ
lifefeeling,VBG
anxious,JJ
worriedhaving,VBG
suicidal,JJ
thoughts,NNS
thoughts,NNS
harming,VBG
Physical,JJ
symptomsThe,JJ
physical,JJ
symptoms,NNS
depression,NN
include,NN
moving,NN
speaking,VBG
slowly,RB
usualchanges,NNS
appetite,NN
weight,NN
usually,RB
decreased,VBN
sometimes,RB
increased,VBD
constipationunexplained,VBD
aches,NNS
painslack,NN
energylow,JJ
sex,NN
drive,NN
loss,NN
libido,NN
changes,VBZ
menstrual,JJ
cycledisturbed,JJ
sleep,NN
example,NN
finding,VBG
difficult,JJ
fall,VB
asleep,RB
night,NN
waking,VBG
early,RB
morning,NN
Social,NNP
symptomsThe,NN
social,JJ
symptoms,NNS
depression,NN
include,NN
avoiding,JJ
contact,NN
friends,NNS
taking,VBG
part,NN
fewer,JJR
social,JJ
activitiesneglecting,VBG
hobbies,NNS
interestshaving,VBG
difficulties,NNS
home,NN
work,NN
family,NN
life,NN
Severities,NNP
depressionDepression,NN
often,RB
come,VB
gradually,RB
difficult,JJ
notice,VB
something,NN
wrong,JJ
Many,JJ
people,NNS
try,VBP
cope,VB
symptoms,NNS
without,IN
realising,VBG
're,VBP
unwell,JJ
It,PRP
sometimes,RB
take,VB
friend,NN
family,NN
member,NN
suggest,VB
something,NN
describe,JJ
depression,NN
serious,JJ
mild,JJ
depression,NN
impact,NN
daily,JJ
lifemoderate,JJ
depression,NN
significant,JJ
impact,NN
daily,JJ
lifesevere,JJ
depression,NN
makes,VBZ
almost,RB
impossible,JJ
get,VB
daily,JJ
life,NN
people,NNS
severe,JJ
depression,NN
may,MD
psychotic,JJ
symptoms,NNS
Grief,NNP
depressionIt,NN
difficult,JJ
distinguish,VB
grief,NN
depression,NN
They,PRP
share,NN
many,JJ
characteristics,NNS
important,JJ
differences,NNS
entirely,RB
natural,JJ
response,NN
loss,NN
depression,NN
grieving,VBG
find,VBP
feelings,NNS
sadness,NN
loss,NN
come,NN
go,VB
're,VBP
still,RB
able,JJ
enjoy,VB
things,NNS
look,VB
forward,RB
contrast,NN
people,NNS
depressed,VBN
constantly,RB
feel,VB
sad,JJ
They,PRP
find,VBP
difficult,JJ
enjoy,VB
anything,NN
positive,JJ
coping,VBG
grief,NN
bereavement,NN
Other,JJ
types,NNS
depressionThere,EX
different,JJ
types,NNS
depression,NN
conditions,NNS
depression,NN
may,MD
one,CD
symptoms,NNS
These,DT
include,VBP
postnatal,JJ
depression,NN
sometimes,RB
new,JJ
mothers,NNS
fathers,NNS
partners,NNS
develop,VBP
depression,NN
baby,NN
known,VBN
postnatal,JJ
depression,NN
's,VBZ
treated,VBN
similar,JJ
way,NN
types,NNS
depression,NN
talking,VBG
therapies,NNS
antidepressant,JJ
medicinesbipolar,JJ
disorder,NN
also,RB
known,VBN
manic,JJ
depression,NN
bipolar,JJ
disorder,NN
spells,NNS
depression,NN
excessively,RB
high,JJ
mood,NN
mania,NN
depression,NN
symptoms,NNS
similar,JJ
clinical,JJ
depression,NN
bouts,NNS
mania,NN
include,VB
harmful,JJ
behaviour,NNS
gambling,NN
going,VBG
spending,NN
sprees,NNS
unsafe,JJ
sexseasonal,JJ
affective,JJ
disorder,NN
SAD,NNP
also,RB
known,VBN
winter,NN
depression,NN
SAD,NNP
type,NN
depression,NN
seasonal,JJ
pattern,NN
usually,RB
related,VBN
winterRead,VB
diagnosing,VBG
depression,NN
When,WRB
seek,VB
helpSee,VB
GP,NNP
experience,VBP
symptoms,NNS
depression,NN
day,NN
every,DT
day,NN
low,JJ
mood,NN
may,MD
improve,VB
short,JJ
low,JJ
mood,NN
depression,NN
More,RBR
Clinical,NNP
depression,NN
Overview,NNP
Clinical,JJ
depression,NN
Symptoms,NNP
Clinical,JJ
depression,NN
Causes,NNP
Clinical,JJ
depression,NN
Diagnosis,NNP
Clinical,JJ
depression,NN
Treatment,NNP
Clinical,JJ
depression,NN
Living,VBG
Clinical,JJ
depression,NN
Page,NNP
last,JJ
reviewed,VBD
December,NNP
Next,NNP
review,NN
due,JJ
December,NNP
Depression,NNP
Share,NNP
Facebook,NNP
Share,NNP
Twitter,NNP
Share,NNP
Linkedin,NNP
Share,NNP
Pinterest,NNP
Share,NNP
via,IN
Email,NNP
Print,NNP
Page,NNP
Mood,NNP
Disorders,NNP
What,WP
depression,NN
Depression,NNP
illness,NN
It,PRP
involves,VBZ
body,NN
mood,NN
thoughts,NNS
Depression,NNP
affects,VBZ
way,NN
eat,VBP
sleep,VBP
It,PRP
also,RB
affect,VB
way,NN
feel,VBP
things,NNS
It,PRP
unhappy,JJ
blue,NN
mood,NN
It,PRP
sign,NN
personal,JJ
weakness,NN
condition,NN
willed,VBN
wished,VBN
away,RB
When,WRB
depression,VBN
pull,NN
together,RB
get,VB
better,JJR
Treatment,NN
often,RB
needed,VBN
many,JJ
times,NNS
crucial,JJ
recovery,NN
Depression,NNP
different,JJ
forms,NNS
like,IN
many,JJ
illnesses,NNS
Three,CD
common,JJ
types,NNS
depressive,JJ
disorders,NNS
include,VBP
Major,JJ
depression,NN
This,DT
mixture,NN
symptoms,NNS
affect,VBP
ability,NN
work,VB
sleep,VB
eat,NN
enjoy,JJ
life,NN
This,DT
put,VB
action,NN
awhile,NN
These,DT
episodes,NNS
depression,NN
happen,VB
twice,RB
several,JJ
times,NNS
lifetime,NN
Dysthymia,NNP
This,DT
ongoing,VBG
depressed,VBN
mood,NN
symptoms,NNS
severe,JJ
extensive,JJ
major,JJ
depression,NN
These,DT
symptoms,NNS
still,RB
keep,VB
functioning,VBG
full,JJ
steam,NN
feeling,VBG
good,JJ
Sometimes,RB
people,NNS
dysthymia,NN
also,RB
experience,RB
major,JJ
depressive,JJ
episodes,NNS
Bipolar,JJ
disorder,NN
A,DT
chronic,JJ
recurring,VBG
condition,NN
includes,VBZ
cycles,NNS
extreme,NN
lows,NNS
depression,NN
extreme,JJ
highs,NNS
called,VBN
hypomania,NN
mania,NN
Depression,NNP
Sleep,NNP
Understanding,VBG
Connection,NNP
Depression,NNP
insomnia,VB
often,RB
go,JJ
hand,NN
hand,NN
Know,VBP
connection,NN
two,CD
learn,VB
recognize,VB
symptoms,NNS
get,VB
treatment,NN
Read,VB
What,WP
causes,VBZ
depression,NN
There,EX
clear,JJ
cause,NN
depression,NN
Experts,NNS
think,VBP
happens,VBZ
chemical,NN
imbalances,NNS
brain,NN
Many,JJ
factors,NNS
play,VB
role,NN
depression,NN
including,VBG
environmental,JJ
psychological,JJ
biological,JJ
genetic,JJ
factors,NNS
Some,DT
types,NNS
depression,NN
seem,VBP
run,VB
families,NNS
However,RB
genes,NNS
yet,RB
linked,VBN
depression,NN
Women,NNS
depression,NN
twice,RB
often,RB
men,NNS
Many,JJ
hormonal,JJ
factors,NNS
may,MD
add,VB
increased,VBN
rate,NN
depression,NN
women,NNS
This,DT
includes,VBZ
menstrual,JJ
cycle,NN
changes,NNS
premenstrual,JJ
syndrome,NN
PMS,NNP
pregnancy,NN
miscarriage,NN
postpartum,JJ
period,NN
perimenopause,NN
menopause,RB
Many,JJ
women,NNS
also,RB
deal,VBP
additional,JJ
stresses,NNS
responsibilities,NNS
work,NN
home,NN
single,JJ
parenthood,NN
caring,VBG
children,NNS
aging,VBG
parents,NNS
Many,JJ
women,NNS
especially,RB
risk,NN
giving,VBG
birth,NN
baby,NN
Women,NNP
experience,NN
hormonal,NN
physical,JJ
changes,NNS
top,NN
added,JJ
responsibility,NN
caring,VBG
baby,NN
These,DT
factors,NNS
lead,VBP
postpartum,VB
depression,NN
women,NNS
While,IN
baby,NN
blues,NNS
common,JJ
new,JJ
mothers,NNS
lasting,VBG
week,NN
two,CD
depressive,JJ
episode,NN
normal,JJ
treatment,NN
needed,VBN
What,WP
symptoms,NNS
depression,NN
The,DT
following,NN
common,JJ
symptoms,NNS
depression,NN
However,RB
person,NN
may,MD
experience,VB
symptoms,NNS
differently,RB
Symptoms,NNS
may,MD
include,VB
Lasting,NNP
sad,NN
anxious,JJ
empty,JJ
mood,NN
Weight,NNP
appetite,JJ
changes,NNS
due,JJ
eating,VBG
much,JJ
eating,VBG
little,JJ
Changes,NNS
sleeping,VBG
patterns,NNS
fitful,JJ
sleep,NN
inability,NN
sleep,VB
early,JJ
morning,NN
awakening,NN
sleeping,VBG
much,JJ
Loss,NNP
interest,NN
pleasure,NN
activities,NNS
formerly,RB
enjoyed,VBN
including,VBG
sex,NN
Increased,VBD
restlessness,JJ
irritability,NN
Decreased,VBD
energy,NN
fatigue,NN
slowed,VBD
Feeling,NN
worthless,NN
helpless,NN
Lasting,NNP
feelings,NNS
hopelessness,JJ
Feelings,NNS
inappropriate,JJ
guilt,NN
Not,RB
able,JJ
concentrate,VB
think,VB
make,VBP
decisions,NNS
Frequent,NNP
thoughts,NNS
death,NN
suicide,NN
wishing,VBG
die,VB
attempting,VBG
suicide,NN
Note,NN
People,NNS
symptom,NN
get,VB
treatment,NN
right,RB
away,RB
Physical,NNP
symptoms,NNS
headaches,NNS
digestive,JJ
problems,NNS
chronic,JJ
pain,NN
get,VB
better,JJR
treatment,NN
Without,IN
treatment,NN
symptoms,NNS
last,JJ
weeks,NNS
months,NNS
even,RB
years,NNS
Appropriate,NNP
treatment,NN
however,RB
help,VB
people,NNS
suffer,VBP
depression,NN
Depression,NN
What,WP
You,PRP
Need,VBP
Know,VB
You,PRP
Age,VBP
Get,VB
help,NN
loved,JJ
one,CD
needs,VBZ
get,VB
latest,JJS
expert,JJ
insights,NNS
coping,VBG
preventing,VBG
mood,NN
disorder,NN
Read,VB
How,NNP
depression,NN
diagnosed,VBN
Depression,NNP
often,RB
happens,VBZ
along,IN
medical,JJ
problems,NNS
heart,NN
disease,NN
cancer,NN
diabetes,VBZ
It,PRP
also,RB
happen,VB
psychiatric,JJ
disorders,NNS
substance,NN
abuse,NN
anxiety,NN
disorders,NNS
Getting,VBG
early,JJ
diagnosis,NN
treatment,NN
crucial,JJ
recovery,NN
A,DT
diagnosis,NN
made,VBN
careful,JJ
psychiatric,JJ
exam,NN
medical,JJ
history,NN
done,VBN
psychiatrist,NN
mental,JJ
health,NN
professional,NN
How,WRB
depression,NN
treated,VBN
Generally,NNP
based,VBN
outcome,NN
evaluations,NNS
treatment,NN
depressive,JJ
disorders,NNS
may,MD
include,VB
one,CD
combination,NN
following,JJ
Medication,NNP
Many,JJ
different,JJ
drugs,NNS
available,JJ
often,RB
takes,VBZ
weeks,NNS
feel,VB
full,JJ
effects,NNS
It,PRP
important,JJ
keep,VB
taking,VBG
medicine,NN
even,RB
seem,VBP
working,VBG
first,JJ
It,PRP
also,RB
important,JJ
talk,VB
doctor,NN
stopping,VBG
Some,DT
people,NNS
switch,VB
medicines,NNS
add,VB
medicines,NNS
get,VB
results,NNS
Psychotherapy,NNP
This,DT
often,RB
interpersonal,JJ
therapy,NN
It,PRP
focuses,VBZ
changing,VBG
distorted,JJ
views,NNS
environment,NN
It,PRP
helps,VBZ
work,VBP
improve,VB
interpersonal,JJ
relationship,NN
skills,NNS
identify,VB
manage,VB
stressors,NNS
life,NN
Electroconvulsive,JJ
therapy,NN
ECT,NNP
This,DT
treatment,NN
may,MD
used,VBN
people,NNS
severe,JJ
depression,NN
responded,VBN
medicines,NNS
An,DT
electrical,JJ
current,JJ
passed,VBN
brain,NN
triggering,VBG
seizure,NN
For,IN
unknown,JJ
reasons,NNS
seizures,NNS
help,VBP
restore,VB
normal,JJ
balance,NN
chemicals,NNS
brain,NN
ease,NN
symptoms,NNS
You,PRP
also,RB
things,NNS
help,VB
Depressive,JJ
disorders,NNS
make,VB
feel,VB
exhausted,VBN
worthless,NN
helpless,NN
hopeless,RB
Such,JJ
negative,JJ
thoughts,NNS
feelings,NNS
may,MD
make,VB
feel,VB
like,IN
giving,VBG
It,PRP
important,JJ
realize,VB
negative,JJ
views,NNS
part,NN
depression,NN
typically,RB
accurately,RB
reflect,VBP
actual,JJ
circumstances,NNS
Negative,JJ
thinking,VBG
fades,NNS
treatment,NN
begins,VBZ
take,VB
effect,NN
In,IN
meantime,NN
think,VBP
depression,NN
consider,VB
following,NN
Get,VB
help,NN
If,IN
think,VBP
may,MD
depressed,VBN
see,VBP
health,NN
care,NN
provider,NN
soon,RB
possible,JJ
Set,NNP
realistic,JJ
goals,NNS
light,NN
depression,NN
Take,VB
reasonably,RB
think,VBP
handle,VBP
Break,NNP
large,JJ
tasks,NNS
small,JJ
ones,NNS
set,NN
priorities,NNS
Do,VB
Try,VB
people,NNS
confide,NN
someone,NN
It,PRP
usually,RB
better,JJR
alone,JJ
secretive,JJ
Do,VB
things,NNS
make,VBP
feel,VB
better,RB
Going,VBG
movie,NN
gardening,NN
taking,VBG
part,NN
religious,JJ
social,JJ
activities,NNS
may,MD
help,VB
Doing,VBG
something,NN
nice,RB
someone,NN
else,RB
also,RB
help,VB
feel,VB
better,RB
Get,VB
regular,JJ
exercise,NN
Expect,VB
mood,NN
get,VB
better,RBR
slowly,RB
right,JJ
away,RB
Feeling,VBG
better,RBR
takes,VBZ
time,NN
Eat,NNP
healthy,JJ
meals,NNS
Stay,VB
away,RB
alcohol,NN
drugs,NNS
make,VB
depression,NN
worse,JJR
It,PRP
best,RBS
put,VB
important,JJ
decisions,NNS
depression,NN
lifted,VBN
Before,IN
deciding,VBG
make,VB
major,JJ
life,NN
change,NN
change,NN
jobs,NNS
get,VB
married,VBN
divorced,VBN
discuss,NN
others,NNS
know,VBP
well,RB
They,PRP
objective,JJ
view,NN
situation,NN
Remember,NNP
people,NNS
rarely,RB
snap,JJ
depression,NN
But,CC
treatment,NN
feel,VB
little,JJ
better,JJR
Try,VB
patient,JJ
focus,VB
positives,NNS
This,DT
may,MD
help,VB
replace,VB
negative,JJ
thinking,NN
part,NN
depression,NN
The,DT
negative,JJ
thoughts,NNS
disappear,VB
depression,NN
responds,VBZ
treatment,NN
Let,VB
family,NN
friends,NNS
help,VBP
Key,VB
points,NNS
Depression,NNP
illness,NN
This,DT
means,VBZ
involves,VBZ
body,NN
mood,NN
thoughts,NNS
It,PRP
unhappy,JJ
blue,NN
mood,NN
Treatment,NN
often,RB
needed,VBN
many,JJ
times,NNS
crucial,JJ
recovery,NN
There,EX
clear,JJ
cause,NN
depression,NN
doctors,NNS
think,VBP
result,NN
chemical,NN
imbalances,NNS
brain,NN
Some,DT
types,NNS
depression,NN
seem,VBP
run,VB
families,NNS
genes,NNS
yet,RB
linked,VBN
depression,NN
Women,NNP
experience,NN
depression,NN
twice,RB
often,RB
men,NNS
Many,JJ
hormonal,JJ
factors,NNS
may,MD
play,VB
role,NN
increased,JJ
rate,NN
depression,NN
women,NNS
These,DT
factors,NNS
may,MD
include,VB
menstrual,JJ
cycle,NN
changes,NNS
premenstrual,JJ
syndrome,NN
PMS,NNP
pregnancy,NN
miscarriage,NN
postpartum,JJ
period,NN
perimenopause,NN
menopause,NN
In,IN
general,JJ
nearly,RB
everyone,NN
suffering,VBG
depression,NN
ongoing,JJ
feelings,NNS
sadness,NN
They,PRP
may,MD
feel,VB
helpless,NN
hopeless,NN
irritable,JJ
Without,IN
treatment,NN
symptoms,NNS
last,JJ
weeks,NNS
months,NNS
years,NNS
Depression,NN
may,MD
diagnosed,VBN
careful,JJ
psychiatric,JJ
exam,NN
A,DT
medical,JJ
history,NN
done,VBN
psychiatrist,NN
mental,JJ
health,NN
professional,NN
Depression,NNP
often,RB
treated,VBN
medication,NN
psychotherapy,NN
cognitive,JJ
behavioral,JJ
therapy,NN
It,PRP
also,RB
combination,NN
medication,NN
therapy,NN
Next,JJ
steps,NNS
Tips,NNP
help,VB
get,VB
visit,NN
health,NN
care,NN
provider,NN
Before,IN
visit,NN
write,VBP
questions,NNS
want,VBP
answered,VBN
Bring,NNP
someone,NN
help,VB
ask,VB
questions,NNS
remember,VB
provider,NN
tells,NNS
At,IN
visit,NN
write,VBP
names,NNS
new,JJ
medicines,NNS
treatments,NNS
tests,NNS
new,JJ
instructions,NNS
provider,NN
gives,VBZ
If,IN
appointment,NN
write,VBP
date,NN
time,NN
purpose,VB
visit,NN
Know,VB
contact,VB
provider,NN
questions,NNS
What,WP
depression,NN
Everyone,NN
goes,VBZ
periods,NNS
feeling,VBG
unhappy,JJ
listless,JJ
even,RB
children,NNS
But,CC
feelings,NNS
strong,JJ
persist,NN
long,JJ
time,NN
might,MD
caused,VBN
medical,JJ
problem,NN
Major,JJ
depression,NN
simply,RB
depression,NN
serious,JJ
condition,NN
take,VB
child,JJ
mood,NN
thoughts,NNS
The,DT
good,JJ
news,NN
awareness,NN
intervention,NN
parents,NNS
adults,NNS
help,VB
children,NNS
depression,NN
live,VBP
normal,JJ
happy,JJ
lives,NNS
Childhood,NNP
depression,NN
mental,JJ
health,NN
disorder,NN
characterized,VBN
sad,JJ
mood,NN
prolonged,JJ
severe,JJ
Typically,RB
children,NNS
depression,NN
depressed,JJ
irritable,JJ
mood,NN
day,NN
nearly,RB
every,DT
day,NN
show,VB
noticeable,JJ
decrease,NN
interest,NN
pleasure,NN
nearly,RB
activities,NNS
may,MD
severe,JJ
problems,NNS
eating,NN
sleeping,NN
energy,NN
concentration,NN
feelings,NNS
worthlessness,NN
extreme,JJ
guilt,NN
even,RB
little,JJ
desire,NN
live,VB
It,PRP
important,JJ
understand,VB
child,NN
anyone,NN
depression,NN
snap,JJ
Without,IN
treatment,NN
symptoms,NNS
last,JJ
months,NNS
even,RB
years,NNS
Depression,NN
children,NNS
dramatically,RB
increased,VBN
recent,JJ
years,NNS
Between,IN
percent,NN
children,NNS
experience,VB
episode,NN
major,JJ
depression,NN
turn,VBP
Before,IN
puberty,NN
boys,NNS
girls,NNS
equally,RB
risk,NN
depression,NN
By,IN
age,NN
girls,NNS
twice,RB
likely,JJ
boys,NNS
experienced,VBN
major,JJ
depressive,JJ
episode,NN
Around,IN
percent,NN
people,NNS
major,JJ
depression,NN
seek,VBP
treatment,NN
improve,VB
usually,RB
within,IN
weeks,NNS
What,WP
symptoms,NNS
depression,NN
While,IN
child,NN
may,MD
experience,VB
symptoms,NNS
differently,RB
common,JJ
include,NN
persistent,JJ
feelings,NNS
sadness,NN
feeling,NN
hopeless,NN
helpless,JJ
low,JJ
feeling,NN
inadequate,JJ
excessive,JJ
guilt,NN
loss,NN
interest,NN
usual,JJ
activities,NNS
activities,NNS
enjoyed,VBD
difficulty,NN
relationships,NNS
sleeping,VBG
much,JJ
little,JJ
changes,NNS
appetite,NN
weight,NN
decreased,VBN
energy,NN
difficulty,NN
concentrating,VBG
trouble,NN
making,VBG
decisions,NNS
suicidal,JJ
thoughts,NNS
attempts,NNS
frequent,JJ
physical,JJ
complaints,NNS
headaches,NNS
stomach,NN
aches,NNS
fatigue,NN
running,VBG
away,RB
threats,NNS
running,VBG
away,RB
home,NN
hypersensitivity,NN
failure,NN
rejection,NN
irritability,NN
hostility,NN
aggression,NN
What,WP
causes,VBZ
depression,NN
While,IN
exact,JJ
cause,NN
depression,NN
mood,NN
disorders,NNS
known,VBN
've,VBP
linked,VBN
genetics,NNS
environmental,JJ
factors,NNS
The,DT
common,JJ
factors,NNS
associated,VBN
depression,NN
include,VBP
family,NN
history,NN
depression,NN
parents,NNS
divorce,NN
excessive,JJ
stress,NN
abuse,NN
neglect,JJ
trauma,NN
physical,JJ
emotional,JJ
loss,NN
parent,NN
caregiver,NN
loved,VBD
one,CD
loss,NN
relationship,NN
moving,VBG
away,RB
loss,NN
failure,NN
accomplish,VB
tasks,NNS
learning,VBG
read,VB
keeping,VBG
peers,NNS
activities,NNS
chronic,JJ
illnesses,NNS
diabetes,NNS
psychiatric,JJ
disorders,NNS
developmental,JJ
learning,JJ
conduct,NN
disorders,NNS
There,EX
biological,JJ
psychological,JJ
social,JJ
factors,NNS
contribute,VB
depression,VB
separately,RB
combination,NN
Depression,NNP
thought,VBN
caused,VBN
difference,NN
structure,NN
function,NN
child,NN
brain,NN
controls,VBZ
intensity,NN
sad,NN
irritable,JJ
moods,NNS
There,EX
may,MD
genetic,JJ
component,NN
If,IN
members,NNS
family,NN
depression,NN
child,NN
likely,JJ
develop,VB
A,DT
stressful,JJ
environment,NN
home,NN
school,NN
community,NN
contribute,VB
depression,NN
Children,NNP
may,MD
experience,VB
depression,NN
feels,VBP
unhappy,JJ
environment,NN
powerless,NN
make,VB
change,NN
Low,JJ
thyroid,NN
levels,NNS
may,MD
sometimes,RB
cause,VB
fatigue,NN
symptoms,NNS
may,MD
mimic,VB
symptoms,NNS
depression,NN
Your,PRP$
child,NN
doctor,NN
discuss,VB
detail,NN
What,WP
difference,NN
depression,NN
grief,NN
Grief,NNP
normal,JJ
natural,JJ
response,NN
loss,NN
While,IN
grief,NN
depression,NN
share,NN
certain,JJ
symptoms,NNS
sadness,NN
much,JJ
little,JJ
sleep,JJ
changes,NNS
eating,VBG
patterns,NNS
grief,NN
constant,JJ
In,IN
words,NNS
person,NN
grieving,VBG
may,MD
feel,VB
sad,JJ
thinking,VBG
remembering,VBG
loss,NN
feel,VBP
somewhat,RB
better,JJR
around,IN
friends,NNS
family,NN
But,CC
someone,NN
depression,NN
rarely,RB
finds,VBZ
relief,NN
sadness,NN
What,WP
risks,NNS
depression,NN
If,IN
think,VBP
child,NN
might,MD
depressed,VBN
evaluation,NN
sooner,NN
rather,RB
later,RB
If,IN
left,VBN
untreated,JJ
depression,NN
could,MD
lead,VB
failure,NN
school,NN
involvement,NN
risky,JJ
behaviors,NNS
difficulties,NNS
jobs,NNS
relationships,NNS
adulthood,NN
attempted,VBD
successful,JJ
suicide,JJ
How,NNP
care,VBP
children,NNS
depression,NN
The,DT
Boston,NNP
Children,NNP
Hospital,NNP
Department,NNP
Psychiatry,NNP
Behavioral,NNP
Sciences,NNPS
long,RB
forefront,NN
providing,VBG
expert,NN
compassionate,NN
care,NN
children,NNS
adolescents,NNS
mental,JJ
health,NN
issues,NNS
Our,PRP$
approach,NN
mental,VB
health,NN
care,NN
means,VBZ
treatments,NNS
tested,VBN
proven,VBN
effective,JJ
scientific,JJ
studies,NNS
hospital,NN
leading,VBG
institutions,NNS
worldwide,RB
Boston,NNP
Children,NNP
dedicated,VBN
Psychopharmacology,NNP
Clinic,NNP
help,VB
determine,VB
whether,IN
medication,NN
might,MD
helpful,JJ
addition,NN
treatment,NN
plan,NN
For,IN
children,NNS
's,POS
need,NN
hospitalization,NN
Boston,NNP
Children,NNP
's,POS
Inpatient,NNP
Psychiatry,NNP
Service,NNP
provides,VBZ
family,NN
oriented,VBD
psychiatric,JJ
assessment,NN
treatment,NN
goal,NN
returning,VBG
child,NN
comfortable,JJ
environment,NN
ongoing,VBG
care,NN
What,WP
Is,VBZ
Moderate,JJ
Depression,NNP
While,IN
everyone,NN
feels,NNS
time,NN
time,NN
depression,NN
serious,JJ
mental,JJ
health,NN
condition,NN
make,VB
difficult,JJ
function,VB
normally,RB
But,CC
depression,NN
vary,VB
intensity,NN
How,WRB
depression,NN
experienced,VBN
vary,VB
one,CD
person,NN
next,JJ
condition,NN
also,RB
classified,VBN
either,DT
mild,NN
moderate,JJ
severe,RB
One,CD
survey,NN
found,VBD
among,IN
adults,NNS
depression,NN
approximately,RB
mild,VBN
symptoms,NNS
moderate,JJ
symptoms,NNS
severe,JJ
Depression,NNP
one,CD
common,JJ
mental,JJ
disorders,NNS
United,NNP
States,NNPS
According,VBG
National,NNP
Institute,NNP
Mental,NNP
Health,NNP
estimated,VBN
million,CD
American,JJ
adults,NNS
United,NNP
States,NNPS
least,JJS
one,CD
major,JJ
depressive,JJ
episode,NN
When,WRB
major,JJ
depressive,JJ
disorder,NN
diagnosed,VBN
typically,RB
classified,VBN
degree,NN
severity,NN
mild,JJ
moderate,JJ
severe,RB
well,RB
whether,IN
psychotic,JJ
features,NNS
seasonal,JJ
pattern,NN
Moderately,RB
severe,JJ
depression,NN
marked,VBN
symptoms,NNS
depression,NN
affect,VB
person,NN
ability,NN
function,VB
normally,RB
It,PRP
may,MD
differ,VB
mild,JJ
depression,NN
terms,NNS
severity,NN
frequency,NN
symptoms,NNS
person,NN
experiences,NNS
Someone,NN
moderate,JJ
depression,NN
may,MD
experience,VB
symptoms,NNS
serious,JJ
terms,NNS
severity,NN
duration,NN
someone,NN
mild,JJ
depression,NN
They,PRP
may,MD
also,RB
experience,VB
symptoms,NNS
person,NN
mild,JJ
depression,NN
However,RB
moderate,JJ
depression,NN
listed,VBN
diagnosis,NN
Diagnostic,NNP
Statistical,NNP
Manual,NNP
Mental,NNP
Disorders,NNP
Fifth,NNP
Edition,NNP
There,EX
official,JJ
consensus,NN
whether,IN
number,NN
symptoms,NNS
indicative,JJ
severity,NN
whether,IN
number,NN
symptoms,NNS
used,VBN
classify,VB
depression,NN
mild,NN
moderate,JJ
severe,RB
Descriptions,NNS
depression,NN
severity,NN
left,VBN
discretion,NN
clinician,JJ
may,MD
use,VB
depression,NN
rating,NN
scales,NNS
help,VB
determine,VB
severity,NN
condition,NN
A,DT
Verywell,NNP
Report,NNP
Americans,NNPS
Find,VBP
Strength,NNP
Online,NNP
Therapy,NNP
Symptoms,NNP
Moderately,NNP
severe,JJ
depression,NN
marked,VBN
two,CD
main,JJ
symptoms,NNS
persistent,JJ
low,JJ
mood,NN
decreased,JJ
interest,NN
activities,NNS
Some,DT
symptoms,NNS
depression,NN
Avoiding,NNP
social,JJ
activities,NNS
Changes,NNS
appetite,NN
Decreased,VBN
productivity,NN
Despair,NNP
guilt,VBD
Difficulty,NNP
concentrating,VBG
Difficulty,NNP
sleeping,VBG
Excessive,NNP
worry,NN
Fatigue,NNP
lack,NN
energy,NN
Feelings,NNS
hopelessness,NN
Irritability,NNP
Lack,NNP
motivation,NN
Low,NNP
Women,NNS
almost,RB
twice,RB
likely,JJ
experience,VB
depression,NN
men,NNS
While,IN
moderate,JJ
depression,NN
may,MD
less,JJR
severe,JJ
cause,VB
impairments,NNS
work,NN
school,NN
home,NN
social,JJ
Research,NNP
also,RB
suggests,VBZ
moderately,RB
severe,JJ
depression,NN
increases,NNS
certain,JJ
health,NN
risks,NNS
One,CD
study,NN
found,VBD
people,NNS
moderately,RB
depressed,VBN
higher,JJR
risk,NN
cardiovascular,JJ
disease,NN
compared,VBN
severely,RB
How,NNP
Many,JJ
People,NNS
Are,VBP
Actually,RB
Affected,VBN
Depression,NNP
Every,NNP
Year,NN
Diagnosis,NNP
In,IN
order,NN
diagnose,VB
condition,NN
doctor,NN
may,MD
perform,VB
physical,JJ
exam,NN
ask,VB
questions,NNS
medical,JJ
history,NN
conduct,NN
lab,NN
tests,NNS
help,VB
rule,VB
underlying,JJ
medical,JJ
conditions,NNS
might,MD
causing,VBG
contributing,VBG
symptoms,NNS
Hypothyroidism,NNP
underactive,JJ
thyroid,NN
one,CD
condition,NN
lead,VB
symptoms,NNS
depression,NN
example,NN
Your,PRP$
doctor,NN
also,RB
ask,VB
questions,NNS
symptoms,NNS
experiencing,VBG
including,VBG
type,NN
symptoms,NNS
long,RB
degree,NN
impact,VBP
life,NN
different,JJ
areas,NNS
In,IN
cases,NNS
doctor,NN
may,MD
fill,VB
questionnaire,NN
help,VB
screen,VB
depression,NN
The,DT
diagnosis,NN
depression,NN
depends,VBZ
clinical,JJ
judgment,NN
doctor,NN
psychiatrist,NN
psychologist,NN
Doctors,NNS
mental,JJ
health,NN
professionals,NNS
use,VBP
help,VB
guide,VB
diagnostic,JJ
decisions,NNS
The,DT
published,VBN
American,NNP
Psychiatric,NNP
Association,NNP
outlines,NNS
diagnostic,JJ
criteria,NNS
mental,JJ
health,NN
conditions,NNS
including,VBG
depression,NN
In,IN
order,NN
diagnosed,VBN
clinical,JJ
depression,NN
person,NN
must,MD
exhibit,VB
least,JJS
five,CD
nine,CD
symptoms,NNS
listed,VBN
period,NN
These,DT
symptoms,NNS
depression,NN
Feeling,VBG
depressed,VBD
irritable,JJ
day,NN
every,DT
dayLosing,VBG
interest,NN
pleasure,NN
activities,NNS
daySleep,NN
difficulties,NNS
including,VBG
sleeping,VBG
much,JJ
littleChanges,NNS
motor,NN
activityLow,NN
energy,NN
fatigueChanges,NNS
weightFeelings,NNS
worthlessnessDifficulty,NN
concentratingSuicidal,NN
thoughts,NNS
behaviors,NNS
Moderately,RB
severe,JJ
depression,NN
generally,RB
marked,VBN
low,JJ
mood,NN
irritability,NN
days,NNS
well,RB
loss,NN
interest,NN
enjoyment,NN
activities,NNS
previously,RB
pleasurable,JJ
Such,JJ
symptoms,NNS
may,MD
vary,VB
intensity,NN
duration,NN
someone,NN
moderate,JJ
depression,NN
They,PRP
may,MD
experience,VB
symptoms,NNS
weeks,NNS
others,NNS
Where,WRB
people,NNS
mild,JJ
depression,NN
may,MD
able,JJ
carry,VB
normal,JJ
daily,JJ
activities,NNS
without,IN
much,JJ
impairment,NN
symptoms,NNS
moderate,JJ
depression,NN
serious,JJ
enough,RB
create,VB
problems,NNS
work,NN
home,NN
life,NN
People,NNS
moderately,RB
severe,JJ
depression,NN
may,MD
struggle,VB
complete,VB
daily,JJ
tasks,NNS
feel,VB
fatigued,VBN
unmotivated,VBN
At,IN
work,NN
may,MD
struggle,VB
concentrate,VB
projects,NNS
Symptoms,NNS
also,RB
lead,VB
problems,NNS
social,JJ
relationships,NNS
well,RB
Get,VB
Advice,NNP
From,IN
The,DT
Verywell,NNP
Mind,NNP
Podcast,NNP
Hosted,VBN
therapist,JJ
Amy,NNP
Morin,NNP
LCSW,NNP
episode,NN
The,DT
Verywell,NNP
Mind,NNP
Podcast,NNP
shares,NNS
find,VB
courage,NN
face,NN
depression,NN
featuring,VBG
Olympic,NNP
gold,NN
medalist,NN
Laurie,NNP
Hernandez,NNP
Follow,NNP
Now,RB
Apple,NNP
Podcasts,NNP
Spotify,NNP
Google,NNP
Podcasts,NNP
RSS,NNP
Differential,NNP
Diagnosis,NNP
Your,NNP
doctor,NN
also,RB
want,VB
rule,VB
mental,JJ
health,NN
conditions,NNS
cause,VB
symptoms,NNS
depression,NN
Such,JJ
conditions,NNS
include,VBP
Persistent,JJ
depressive,NN
disorders,NNS
dysthymia,NN
This,DT
type,NN
depression,NN
less,RBR
severe,RB
major,JJ
depression,NN
tends,VBZ
Premenstrual,JJ
dysphoric,JJ
disorder,NN
PMDD,NNP
This,DT
condition,NN
involves,VBZ
symptoms,NNS
depression,NN
experienced,VBN
week,NN
menstrual,JJ
cycle,NN
Bipolar,JJ
disorders,NNS
Bipolar,NNP
I,PRP
II,NNP
marked,VBN
mood,NN
swings,NNS
include,VBP
periods,NNS
depression,NN
Distinguishing,VBG
Between,NNP
Moderate,NNP
Severe,NNP
Depression,NNP
While,IN
clear,JJ
consensus,NN
rate,NN
severity,NN
depression,NN
one,CD
study,NN
found,VBD
diagnostic,JJ
criteria,NNS
could,MD
used,VBN
infer,VB
severity,NN
Depressed,VBD
mood,NN
along,IN
presence,NN
somatic,JJ
symptoms,NNS
indicator,NN
moderate,JJ
depression,NN
People,NNS
moderate,JJ
depression,NN
likely,JJ
experience,VB
primary,JJ
symptoms,NNS
low,JJ
mood,NN
sleep,JJ
difficulties,NNS
weight,VBD
appetite,JJ
changes,NNS
psychomotor,NN
activity,NN
Anhedonia,NNP
loss,NN
interest,NN
pleasure,NN
along,IN
symptoms,NNS
indicator,NN
severe,JJ
depression,NN
Along,IN
losing,VBG
interest,NN
things,NNS
used,VBD
pleasurable,JJ
people,NNS
severe,JJ
depression,NN
likely,JJ
experience,VB
symptoms,NNS
feelings,NNS
worthlessness,NN
thoughts,NNS
death,NN
Causes,NNP
Depression,NNP
common,JJ
According,VBG
World,NNP
Health,NNP
Organization,NNP
WHO,NNP
leading,VBG
cause,NN
ill,JJ
health,NN
disability,NN
There,EX
single,JJ
thing,NN
causes,VBZ
depression,NN
In,IN
reality,NN
number,NN
factors,NNS
thought,VBN
contribute,VB
onset,NN
depression,NN
Sex,NN
one,CD
factor,NN
play,VB
role,NN
since,IN
women,NNS
experience,VB
depression,NN
twice,RB
rate,NN
men,NNS
Other,JJ
things,NNS
contribute,VB
depression,VB
include,NN
GeneticsHaving,VBG
parents,NNS
family,NN
members,NNS
depressionHaving,VBG
another,DT
mental,JJ
health,NN
conditionPovertyChronic,JJ
health,NN
conditionsCertain,NN
medications,NNS
How,WRB
Cognitive,JJ
Distortions,NNPS
Fuel,NNP
Depression,NNP
Treatments,NNP
Moderately,NNP
severe,JJ
depression,NN
may,MD
treated,VBN
psychotherapy,NN
medication,NN
combination,NN
two,CD
Psychotherapy,VB
Cognitive,JJ
behavioral,JJ
therapy,NN
CBT,NNP
form,NN
therapy,NN
often,RB
used,VBN
treat,VB
depression,NN
CBT,NNP
focuses,VBZ
identifying,VBG
negative,JJ
thoughts,NNS
contribute,VBP
symptoms,NNS
depression,NN
Once,IN
thought,VBN
patterns,NNS
identified,VBN
people,NNS
work,VBP
replace,VB
thoughts,NNS
positive,JJ
realistic,JJ
ways,NNS
thinking,NN
CBT,NNP
tends,VBZ
approach,NN
therapy,VB
may,MD
involve,VB
somewhere,RB
sessions,NNS
During,IN
time,NN
also,RB
expected,VBN
homework,VB
outside,IN
therapy,NN
sessions,NNS
This,DT
might,MD
involve,VB
practicing,VBG
skills,NNS
learned,VBN
therapy,NN
well,RB
keeping,VBG
record,NN
symptoms,NNS
thoughts,NNS
behaviors,NNS
Examples,NNS
types,NNS
thinking,NN
contribute,VB
symptoms,NNS
moderate,JJ
depression,NN
include,NN
Overgeneralization,NN
involves,VBZ
applying,VBG
one,CD
experience,NN
future,JJ
experiences,NNS
Automatic,NNP
negative,JJ
thoughts,NNS
types,NNS
thoughts,NNS
irrational,JJ
thinking,NN
involves,VBZ
thinking,NN
things,NNS
absolute,NN
terms,NNS
This,DT
type,NN
thinking,VBG
causes,NNS
people,NNS
see,VB
terms,NNS
extremes,NNS
either,CC
successes,NNS
failures,NNS
room,NN
anything,NN
Ignoring,VBG
discounting,VBG
positive,JJ
experiences,NNS
involves,VBZ
focusing,VBG
negative,JJ
things,NNS
happen,VBP
paying,VBG
attention,NN
good,JJ
things,NNS
Magnifying,VBG
problems,NNS
involve,VB
blowing,VBG
even,RB
small,JJ
problems,NNS
much,RB
serious,JJ
issues,NNS
really,RB
Taking,VBG
things,NNS
personally,RB
lead,VB
feelings,NNS
blame,NN
regret,NN
resentment,NN
Through,IN
journaling,NN
begin,VB
become,VB
aware,JJ
thought,VBN
patterns,NNS
practice,NN
new,JJ
ways,NNS
thinking,VBG
experiences,NNS
problems,NNS
It,PRP
also,RB
help,VB
replace,VB
negative,JJ
positive,JJ
Other,JJ
types,NNS
therapy,NN
used,VBN
treat,VB
moderately,RB
severe,JJ
depression,NN
include,NN
Dialectical,JJ
behavior,NN
therapy,NN
DBT,NNP
This,DT
approach,NN
form,NN
CBT,NNP
focuses,VBZ
helping,VBG
people,NNS
depression,NN
learn,NN
tolerate,VB
distress,NN
regulate,VB
emotions,NNS
improve,VB
relationships,NNS
others,NNS
Interpersonal,JJ
therapy,NN
IPT,NNP
This,DT
approach,NN
focuses,VBZ
understanding,VBG
relationships,NNS
others,NNS
impact,VB
depression,NN
People,NNS
work,VBP
improve,VB
social,JJ
relationships,NNS
resolve,VB
existing,VBG
therapy,NN
This,DT
form,NN
talk,NN
therapy,NN
sometimes,RB
known,VBN
psychoanalytic,JJ
therapy,NN
focuses,VBZ
helping,VBG
people,NNS
identify,VBP
unconscious,JJ
unresolved,JJ
conflicts,NNS
lead,VBP
troubling,JJ
feelings,NNS
Online,NNP
therapy,NN
may,MD
also,RB
good,JJ
option,NN
people,NNS
moderately,RB
severe,JJ
depression,NN
One,CD
study,NN
found,VBD
guided,VBD
cognitive,JJ
behavioral,JJ
therapy,NN
iCBT,NN
effective,JJ
reducing,VBG
symptoms,NNS
mild,NN
moderate,VB
How,NNP
Choose,VB
Best,NNP
Type,NN
Therapy,NNP
Treat,VB
Your,PRP$
Depression,NNP
Medications,NNPS
There,EX
number,NN
different,JJ
types,NNS
antidepressants,NNS
used,VBN
treat,VB
moderately,RB
severe,JJ
depression,NN
The,DT
commonly,JJ
prescribed,NNS
known,VBN
selective,JJ
serotonin,NN
reuptake,NN
inhibitors,NNS
SSRIs,NNP
These,DT
include,VBP
medications,NNS
like,IN
Zoloft,NNP
sertraline,NN
Prozac,NNP
fluoxetine,NN
Paxil,NNP
paroxetine,NN
While,IN
SSRIs,NNP
usually,RB
preferred,JJ
choice,NN
tend,VBP
fewer,JJR
side,NN
effects,NNS
medications,NNS
sometimes,RB
prescribed,VBN
Other,JJ
types,NNS
antidepressants,NNS
include,VBP
serotonin,NN
norepinephrine,JJ
reuptake,NN
inhibitors,NNS
SNRIs,NNP
monoamine,JJ
oxidase,NN
inhibitors,NNS
MAOIs,NNP
atypical,JJ
antidepressants,NNS
tricyclic,JJ
antidepressants,NNS
All,DT
antidepressants,NNS
carry,VBP
Food,NNP
Drug,NNP
Administration,NNP
FDA,NNP
black,JJ
box,NN
warning,VBG
use,NN
may,MD
cause,VB
worsening,VBG
symptoms,NNS
increased,VBD
suicidal,JJ
ideation,NN
children,NNS
teens,NNS
young,JJ
adults,NNS
age,NN
Complementary,JJ
Alternative,JJ
Treatments,NNS
There,EX
alternative,JJ
remedies,NNS
may,MD
helpful,JJ
people,NNS
mild,VBN
moderate,VB
depression,NN
John,NNP
's,POS
wort,NN
example,NN
one,CD
herbal,JJ
supplement,NN
sometimes,RB
used,VBN
help,VB
alleviate,VB
symptoms,NNS
mild,NN
moderate,VB
depression,NN
While,IN
supplement,NN
treatment,NN
depression,NN
research,NN
suggests,VBZ
may,MD
help,VB
reduce,VB
Because,IN
John,NNP
's,POS
wort,NN
affects,VBZ
serotonin,JJ
levels,NNS
brain,NN
lead,VB
serious,JJ
condition,NN
known,VBN
serotonin,JJ
syndrome,NN
It,PRP
also,RB
interact,VB
medications,NNS
including,VBG
antidepressants,NNS
You,PRP
always,RB
talk,VB
doctor,NN
trying,VBG
complementary,JJ
treatment,NN
John,NNP
's,POS
wort,NN
Does,NNP
John,NNP
's,POS
Wort,NNP
Have,NNP
Any,NNP
Drug,NNP
Interactions,NNP
With,IN
Antidepressants,NNP
Coping,VBG
While,IN
antidepressants,NNS
effective,JJ
choice,NN
people,NNS
severe,JJ
depression,NN
lifestyle,JJ
modifications,NNS
may,MD
helpful,JJ
choice,NN
people,NNS
mild,JJ
moderate,JJ
symptoms,NNS
Get,VB
Regular,JJ
Exercise,NNP
Regular,NNP
physical,JJ
activity,NN
shown,VBN
help,VB
prevent,NN
treat,NN
depression,NN
Studies,NNS
even,RB
shown,VBN
exercise,NN
effective,JJ
treatment,NN
cases,NNS
mild,NN
moderate,VB
The,DT
good,JJ
news,NN
n't,RB
become,VB
gym,JJ
devotee,NN
reap,VB
rewards,NNS
Moderate,NNP
physical,JJ
activity,NN
walking,VBG
total,NN
three,CD
hours,NNS
week,NN
help,VB
Manage,VB
Stress,JJ
Levels,NNP
Stress,NNP
contribute,VB
worsen,VB
symptoms,NNS
moderately,RB
severe,JJ
depression,NN
finding,VBG
ways,NNS
relax,VB
manage,VB
stress,NN
levels,NNS
helpful,JJ
One,CD
way,NN
focus,VB
relaxation,NN
techniques,NNS
designed,VBN
improve,VB
ability,NN
tolerate,VB
manage,VB
distressing,JJ
emotions,NNS
When,WRB
faced,VBN
distress,NN
people,NNS
often,RB
rely,VBP
unhelpful,JJ
coping,VBG
mechanisms,NNS
worsen,VB
symptoms,NNS
depression,NN
Some,DT
helpful,JJ
strategies,NNS
include,VBP
yoga,RB
deep,JJ
breathing,NN
meditation,NN
mindfulness,NN
Take,NNP
Care,NNP
Yourself,NNP
Practicing,NNP
good,JJ
helpful,JJ
coping,VBG
symptoms,NNS
depression,NN
It,PRP
important,JJ
remember,VB
however,RB
depressive,JJ
symptoms,NNS
often,RB
make,VB
taking,VBG
care,NN
difficult,JJ
Feeling,VBG
fatigued,VBN
unmotivated,JJ
disinterested,VBN
distracted,VBD
interfere,VB
normal,JJ
daily,JJ
tasks,NNS
While,IN
may,MD
require,VB
extra,JJ
effort,NN
following,NN
help,VB
feel,VB
better,RB
Eat,VB
healthy,JJ
diet,NN
Seek,NNP
social,JJ
support,NN
Engage,NNP
activities,NNS
enjoy,VBP
Try,VB
avoid,VB
isolating,VBG
feeling,VBG
Depression,NNP
often,RB
causes,VBZ
people,NNS
withdraw,VB
friends,NNS
loved,JJ
ones,NNS
reaching,VBG
people,NNS
care,VBP
actually,RB
help,VB
reduce,VB
feelings,NNS
depression,NN
If,IN
loved,JJ
one,CD
struggling,VBG
depression,NN
contact,VB
Substance,NNP
Abuse,NNP
Mental,NNP
Health,NNP
Services,NNPS
Administration,NNP
SAMHSA,NNP
National,NNP
Helpline,NNP
information,NN
support,NN
treatment,NN
facilities,NNS
area,NN
For,IN
mental,JJ
health,NN
resources,NNS
see,VB
National,NNP
Helpline,NNP
Database,NNP
